-- MySQL dump 10.13  Distrib 8.0.34, for Win64 (x86_64)
--
-- Host: localhost    Database: infotech_db
-- ------------------------------------------------------
-- Server version	8.0.34

/*!40101 SET @OLD_CHARACTER_SET_CLIENT=@@CHARACTER_SET_CLIENT */;
/*!40101 SET @OLD_CHARACTER_SET_RESULTS=@@CHARACTER_SET_RESULTS */;
/*!40101 SET @OLD_COLLATION_CONNECTION=@@COLLATION_CONNECTION */;
/*!50503 SET NAMES utf8mb4 */;
/*!40103 SET @OLD_TIME_ZONE=@@TIME_ZONE */;
/*!40103 SET TIME_ZONE='+00:00' */;
/*!40014 SET @OLD_UNIQUE_CHECKS=@@UNIQUE_CHECKS, UNIQUE_CHECKS=0 */;
/*!40014 SET @OLD_FOREIGN_KEY_CHECKS=@@FOREIGN_KEY_CHECKS, FOREIGN_KEY_CHECKS=0 */;
/*!40101 SET @OLD_SQL_MODE=@@SQL_MODE, SQL_MODE='NO_AUTO_VALUE_ON_ZERO' */;
/*!40111 SET @OLD_SQL_NOTES=@@SQL_NOTES, SQL_NOTES=0 */;

--
-- Table structure for table `app1c_companytype`
--

DROP TABLE IF EXISTS `app1c_companytype`;
/*!40101 SET @saved_cs_client     = @@character_set_client */;
/*!50503 SET character_set_client = utf8mb4 */;
CREATE TABLE `app1c_companytype` (
  `id` bigint NOT NULL AUTO_INCREMENT,
  `name` varchar(100) NOT NULL,
  PRIMARY KEY (`id`)
) ENGINE=InnoDB AUTO_INCREMENT=6 DEFAULT CHARSET=utf8mb4 COLLATE=utf8mb4_0900_ai_ci;
/*!40101 SET character_set_client = @saved_cs_client */;

--
-- Dumping data for table `app1c_companytype`
--

LOCK TABLES `app1c_companytype` WRITE;
/*!40000 ALTER TABLE `app1c_companytype` DISABLE KEYS */;
INSERT INTO `app1c_companytype` VALUES (1,'Коммерческим фирмам'),(2,'Государственным предприятиям'),(3,'Для крупных проектов'),(4,'Услуги Среднему и малому бизнесу');
/*!40000 ALTER TABLE `app1c_companytype` ENABLE KEYS */;
UNLOCK TABLES;

--
-- Table structure for table `app1c_industrysolution`
--

DROP TABLE IF EXISTS `app1c_industrysolution`;
/*!40101 SET @saved_cs_client     = @@character_set_client */;
/*!50503 SET character_set_client = utf8mb4 */;
CREATE TABLE `app1c_industrysolution` (
  `id` bigint NOT NULL AUTO_INCREMENT,
  `name` varchar(100) NOT NULL,
  `slug` varchar(50) NOT NULL,
  PRIMARY KEY (`id`),
  UNIQUE KEY `slug` (`slug`)
) ENGINE=InnoDB AUTO_INCREMENT=11 DEFAULT CHARSET=utf8mb4 COLLATE=utf8mb4_0900_ai_ci;
/*!40101 SET character_set_client = @saved_cs_client */;

--
-- Dumping data for table `app1c_industrysolution`
--

LOCK TABLES `app1c_industrysolution` WRITE;
/*!40000 ALTER TABLE `app1c_industrysolution` DISABLE KEYS */;
INSERT INTO `app1c_industrysolution` VALUES (1,'Сельское и лесное хозяйство','selskoe-lesnoe-hozyaystvo'),(2,'Производство, ТЭК','proizvodstvo-tek'),(3,'Строительство, девелопмент, ЖКХ','stroitelstvo-development-zhkh'),(4,'Торговля, склад, логистика, транспорт','torgovlya-sklad-logistika-transport'),(5,'Финансовый сектор','finansovyy-sektor'),(6,'Общественное и плановое питание, гостиничный бизнес','planovoe-pitanie-gostinichnyy-biznes'),(7,'Образование, культура','obrazovanie-kultura'),(8,'Здравоохранение и медицина','zdravookhranenie-medicina'),(9,'Профессиональные услуги','professionalnye-uslugi'),(10,'Государственное и муниципальное управление','gosudarstvennoe-municipalnoe-upravlenie');
/*!40000 ALTER TABLE `app1c_industrysolution` ENABLE KEYS */;
UNLOCK TABLES;

--
-- Table structure for table `app1c_serviceextensionfor1c`
--

DROP TABLE IF EXISTS `app1c_serviceextensionfor1c`;
/*!40101 SET @saved_cs_client     = @@character_set_client */;
/*!50503 SET character_set_client = utf8mb4 */;
CREATE TABLE `app1c_serviceextensionfor1c` (
  `id` bigint NOT NULL AUTO_INCREMENT,
  `brand` varchar(20) NOT NULL,
  `delivery_method` varchar(50) NOT NULL,
  `service_id` bigint NOT NULL,
  PRIMARY KEY (`id`),
  UNIQUE KEY `service_id` (`service_id`),
  CONSTRAINT `App1C_serviceextensi_service_id_459d29fd_fk_Services_` FOREIGN KEY (`service_id`) REFERENCES `services_service` (`id`)
) ENGINE=InnoDB AUTO_INCREMENT=18 DEFAULT CHARSET=utf8mb4 COLLATE=utf8mb4_0900_ai_ci;
/*!40101 SET character_set_client = @saved_cs_client */;

--
-- Dumping data for table `app1c_serviceextensionfor1c`
--

LOCK TABLES `app1c_serviceextensionfor1c` WRITE;
/*!40000 ALTER TABLE `app1c_serviceextensionfor1c` DISABLE KEYS */;
INSERT INTO `app1c_serviceextensionfor1c` VALUES (1,'1С:Предприятие','Электронная поставка',1),(2,'1С:Предприятие','Электронная поставка',2),(3,'1С:Предприятие','Электронная поставка',3),(4,'1С:Предприятие','Электронная поставка',4),(5,'1С:Предприятие','Электронная поставка',5),(6,'1С:Предприятие','Электронная поставка',12),(7,'1С:Предприятие','Электронная поставка',13),(8,'1С:Предприятие','Электронная поставка',14),(9,'1С:Предприятие','Электронная поставка',15),(10,'1С:Предприятие','Электронная поставка',16),(11,'1С:Предприятие','Электронная поставка',17),(12,'1С:Предприятие','Электронная поставка',18),(13,'1С:Предприятие','Электронная поставка',19),(14,'1С:Предприятие','Электронная поставка',20),(15,'1С:Предприятие','Электронная поставка',21),(16,'1С:Предприятие','Электронная поставка',22),(17,'1С:Предприятие','Электронная поставка',23);
/*!40000 ALTER TABLE `app1c_serviceextensionfor1c` ENABLE KEYS */;
UNLOCK TABLES;

--
-- Table structure for table `app1c_serviceextensionfor1c_company_type`
--

DROP TABLE IF EXISTS `app1c_serviceextensionfor1c_company_type`;
/*!40101 SET @saved_cs_client     = @@character_set_client */;
/*!50503 SET character_set_client = utf8mb4 */;
CREATE TABLE `app1c_serviceextensionfor1c_company_type` (
  `id` bigint NOT NULL AUTO_INCREMENT,
  `serviceextensionfor1c_id` bigint NOT NULL,
  `companytype_id` bigint NOT NULL,
  PRIMARY KEY (`id`),
  UNIQUE KEY `App1C_serviceextensionfo_serviceextensionfor1c_id_d6044cfa_uniq` (`serviceextensionfor1c_id`,`companytype_id`),
  KEY `App1C_serviceextensi_companytype_id_0a030405_fk_App1C_com` (`companytype_id`),
  CONSTRAINT `App1C_serviceextensi_companytype_id_0a030405_fk_App1C_com` FOREIGN KEY (`companytype_id`) REFERENCES `app1c_companytype` (`id`),
  CONSTRAINT `App1C_serviceextensi_serviceextensionfor1_981816dc_fk_App1C_ser` FOREIGN KEY (`serviceextensionfor1c_id`) REFERENCES `app1c_serviceextensionfor1c` (`id`)
) ENGINE=InnoDB AUTO_INCREMENT=20 DEFAULT CHARSET=utf8mb4 COLLATE=utf8mb4_0900_ai_ci;
/*!40101 SET character_set_client = @saved_cs_client */;

--
-- Dumping data for table `app1c_serviceextensionfor1c_company_type`
--

LOCK TABLES `app1c_serviceextensionfor1c_company_type` WRITE;
/*!40000 ALTER TABLE `app1c_serviceextensionfor1c_company_type` DISABLE KEYS */;
INSERT INTO `app1c_serviceextensionfor1c_company_type` VALUES (1,1,1),(2,1,3),(3,2,1),(4,3,1),(5,3,2),(6,4,3),(7,6,1),(8,7,1),(9,8,2),(10,9,2),(11,10,1),(12,11,1),(13,12,1),(14,12,2),(15,13,1),(16,14,1),(17,15,1),(18,16,1),(19,17,1);
/*!40000 ALTER TABLE `app1c_serviceextensionfor1c_company_type` ENABLE KEYS */;
UNLOCK TABLES;

--
-- Table structure for table `app1c_serviceextensionfor1c_industry_solutions`
--

DROP TABLE IF EXISTS `app1c_serviceextensionfor1c_industry_solutions`;
/*!40101 SET @saved_cs_client     = @@character_set_client */;
/*!50503 SET character_set_client = utf8mb4 */;
CREATE TABLE `app1c_serviceextensionfor1c_industry_solutions` (
  `id` bigint NOT NULL AUTO_INCREMENT,
  `serviceextensionfor1c_id` bigint NOT NULL,
  `industrysolution_id` bigint NOT NULL,
  PRIMARY KEY (`id`),
  UNIQUE KEY `App1C_serviceextensionfo_serviceextensionfor1c_id_f8524aa9_uniq` (`serviceextensionfor1c_id`,`industrysolution_id`),
  KEY `App1C_serviceextensi_industrysolution_id_5bce91c0_fk_App1C_ind` (`industrysolution_id`),
  CONSTRAINT `App1C_serviceextensi_industrysolution_id_5bce91c0_fk_App1C_ind` FOREIGN KEY (`industrysolution_id`) REFERENCES `app1c_industrysolution` (`id`),
  CONSTRAINT `App1C_serviceextensi_serviceextensionfor1_51cd9e37_fk_App1C_ser` FOREIGN KEY (`serviceextensionfor1c_id`) REFERENCES `app1c_serviceextensionfor1c` (`id`)
) ENGINE=InnoDB AUTO_INCREMENT=82 DEFAULT CHARSET=utf8mb4 COLLATE=utf8mb4_0900_ai_ci;
/*!40101 SET character_set_client = @saved_cs_client */;

--
-- Dumping data for table `app1c_serviceextensionfor1c_industry_solutions`
--

LOCK TABLES `app1c_serviceextensionfor1c_industry_solutions` WRITE;
/*!40000 ALTER TABLE `app1c_serviceextensionfor1c_industry_solutions` DISABLE KEYS */;
INSERT INTO `app1c_serviceextensionfor1c_industry_solutions` VALUES (1,1,1),(2,1,3),(3,1,4),(4,1,6),(5,1,9),(6,2,1),(7,2,2),(8,2,3),(9,2,4),(10,2,5),(11,2,6),(12,2,7),(13,2,8),(14,2,9),(15,2,10),(16,6,1),(17,6,2),(18,6,3),(19,6,4),(20,6,5),(21,6,6),(22,6,7),(23,6,8),(24,6,9),(25,6,10),(26,7,1),(27,7,2),(28,7,3),(29,7,4),(30,7,5),(31,7,6),(32,7,7),(33,7,8),(34,7,9),(35,7,10),(36,8,1),(37,8,2),(38,8,3),(39,8,4),(40,8,5),(41,8,6),(42,8,7),(43,8,8),(44,8,9),(45,8,10),(46,9,1),(47,9,2),(48,9,3),(49,9,4),(50,9,5),(51,9,6),(52,9,7),(53,9,8),(54,9,9),(55,9,10),(57,10,4),(58,10,6),(56,10,9),(59,11,4),(60,11,5),(61,12,1),(62,12,2),(63,12,3),(64,12,4),(65,12,5),(66,12,6),(67,12,9),(68,13,1),(69,13,2),(70,13,3),(71,13,4),(72,13,5),(73,13,6),(74,13,9),(77,14,4),(75,14,8),(76,14,9),(78,15,3),(79,16,5),(81,17,4),(80,17,9);
/*!40000 ALTER TABLE `app1c_serviceextensionfor1c_industry_solutions` ENABLE KEYS */;
UNLOCK TABLES;

--
-- Table structure for table `app1c_serviceextensionfor1c_task_solutions`
--

DROP TABLE IF EXISTS `app1c_serviceextensionfor1c_task_solutions`;
/*!40101 SET @saved_cs_client     = @@character_set_client */;
/*!50503 SET character_set_client = utf8mb4 */;
CREATE TABLE `app1c_serviceextensionfor1c_task_solutions` (
  `id` bigint NOT NULL AUTO_INCREMENT,
  `serviceextensionfor1c_id` bigint NOT NULL,
  `tasksolution_id` bigint NOT NULL,
  PRIMARY KEY (`id`),
  UNIQUE KEY `App1C_serviceextensionfo_serviceextensionfor1c_id_cd31feb7_uniq` (`serviceextensionfor1c_id`,`tasksolution_id`),
  KEY `App1C_serviceextensi_tasksolution_id_804db960_fk_App1C_tas` (`tasksolution_id`),
  CONSTRAINT `App1C_serviceextensi_serviceextensionfor1_04567510_fk_App1C_ser` FOREIGN KEY (`serviceextensionfor1c_id`) REFERENCES `app1c_serviceextensionfor1c` (`id`),
  CONSTRAINT `App1C_serviceextensi_tasksolution_id_804db960_fk_App1C_tas` FOREIGN KEY (`tasksolution_id`) REFERENCES `app1c_tasksolution` (`id`)
) ENGINE=InnoDB AUTO_INCREMENT=27 DEFAULT CHARSET=utf8mb4 COLLATE=utf8mb4_0900_ai_ci;
/*!40101 SET character_set_client = @saved_cs_client */;

--
-- Dumping data for table `app1c_serviceextensionfor1c_task_solutions`
--

LOCK TABLES `app1c_serviceextensionfor1c_task_solutions` WRITE;
/*!40000 ALTER TABLE `app1c_serviceextensionfor1c_task_solutions` DISABLE KEYS */;
INSERT INTO `app1c_serviceextensionfor1c_task_solutions` VALUES (1,1,1),(2,1,2),(3,1,3),(4,2,1),(5,6,1),(6,7,1),(7,8,1),(8,9,1),(10,10,7),(9,10,8),(11,11,7),(12,12,2),(13,13,1),(14,13,3),(15,13,6),(16,13,7),(17,13,8),(19,14,7),(18,14,8),(21,15,6),(22,15,7),(20,15,8),(23,16,6),(24,16,7),(26,17,4),(25,17,8);
/*!40000 ALTER TABLE `app1c_serviceextensionfor1c_task_solutions` ENABLE KEYS */;
UNLOCK TABLES;

--
-- Table structure for table `app1c_tasksolution`
--

DROP TABLE IF EXISTS `app1c_tasksolution`;
/*!40101 SET @saved_cs_client     = @@character_set_client */;
/*!50503 SET character_set_client = utf8mb4 */;
CREATE TABLE `app1c_tasksolution` (
  `id` bigint NOT NULL AUTO_INCREMENT,
  `name` varchar(100) NOT NULL,
  `slug` varchar(50) NOT NULL,
  PRIMARY KEY (`id`),
  UNIQUE KEY `slug` (`slug`)
) ENGINE=InnoDB AUTO_INCREMENT=11 DEFAULT CHARSET=utf8mb4 COLLATE=utf8mb4_0900_ai_ci;
/*!40101 SET character_set_client = @saved_cs_client */;

--
-- Dumping data for table `app1c_tasksolution`
--

LOCK TABLES `app1c_tasksolution` WRITE;
/*!40000 ALTER TABLE `app1c_tasksolution` DISABLE KEYS */;
INSERT INTO `app1c_tasksolution` VALUES (1,'Бухгалтерский и налоговый учет','bukhgalterskiy-nalogovyy-uchet'),(2,'Документооборот','dokumentooborot'),(3,'Зарплата, управление персоналом и кадровый учет (HRM)','zarplata-upravlenie-personalom-hrm'),(4,'Комплексное управление ресурсами предприятия (ERP)','kompleksnoe-upravlenie-resursami-erp'),(5,'Управление инженерными данными и НСИ (PDM, MDM)','upravlenie-inzhenernymi-dannymi-nsi-pdm-mdm'),(6,'Управление взаимоотношениями с клиентами (CRM)','upravlenie-klientami-crm'),(7,'Управленческий и финансовый учет (FRP)','upravlencheskiy-finansovyy-uchet-frp'),(8,'Управление продажами, логистикой и транспортом (SFM, WMS, TMS)','upravlenie-prodazhami-logistikoy-sfm-wms-tms'),(9,'Управление информационными технологиями (ITIL)','upravlenie-informacionnymi-tehnologiyami-itil'),(10,'Управление проектами и портфелями проектов (PMO, EPM)','upravlenie-proektami-portfelyami-pmo-epm');
/*!40000 ALTER TABLE `app1c_tasksolution` ENABLE KEYS */;
UNLOCK TABLES;

--
-- Table structure for table `auth_group`
--

DROP TABLE IF EXISTS `auth_group`;
/*!40101 SET @saved_cs_client     = @@character_set_client */;
/*!50503 SET character_set_client = utf8mb4 */;
CREATE TABLE `auth_group` (
  `id` int NOT NULL AUTO_INCREMENT,
  `name` varchar(150) NOT NULL,
  PRIMARY KEY (`id`),
  UNIQUE KEY `name` (`name`)
) ENGINE=InnoDB DEFAULT CHARSET=utf8mb4 COLLATE=utf8mb4_0900_ai_ci;
/*!40101 SET character_set_client = @saved_cs_client */;

--
-- Dumping data for table `auth_group`
--

LOCK TABLES `auth_group` WRITE;
/*!40000 ALTER TABLE `auth_group` DISABLE KEYS */;
/*!40000 ALTER TABLE `auth_group` ENABLE KEYS */;
UNLOCK TABLES;

--
-- Table structure for table `auth_group_permissions`
--

DROP TABLE IF EXISTS `auth_group_permissions`;
/*!40101 SET @saved_cs_client     = @@character_set_client */;
/*!50503 SET character_set_client = utf8mb4 */;
CREATE TABLE `auth_group_permissions` (
  `id` bigint NOT NULL AUTO_INCREMENT,
  `group_id` int NOT NULL,
  `permission_id` int NOT NULL,
  PRIMARY KEY (`id`),
  UNIQUE KEY `auth_group_permissions_group_id_permission_id_0cd325b0_uniq` (`group_id`,`permission_id`),
  KEY `auth_group_permissio_permission_id_84c5c92e_fk_auth_perm` (`permission_id`),
  CONSTRAINT `auth_group_permissio_permission_id_84c5c92e_fk_auth_perm` FOREIGN KEY (`permission_id`) REFERENCES `auth_permission` (`id`),
  CONSTRAINT `auth_group_permissions_group_id_b120cbf9_fk_auth_group_id` FOREIGN KEY (`group_id`) REFERENCES `auth_group` (`id`)
) ENGINE=InnoDB DEFAULT CHARSET=utf8mb4 COLLATE=utf8mb4_0900_ai_ci;
/*!40101 SET character_set_client = @saved_cs_client */;

--
-- Dumping data for table `auth_group_permissions`
--

LOCK TABLES `auth_group_permissions` WRITE;
/*!40000 ALTER TABLE `auth_group_permissions` DISABLE KEYS */;
/*!40000 ALTER TABLE `auth_group_permissions` ENABLE KEYS */;
UNLOCK TABLES;

--
-- Table structure for table `auth_permission`
--

DROP TABLE IF EXISTS `auth_permission`;
/*!40101 SET @saved_cs_client     = @@character_set_client */;
/*!50503 SET character_set_client = utf8mb4 */;
CREATE TABLE `auth_permission` (
  `id` int NOT NULL AUTO_INCREMENT,
  `name` varchar(255) NOT NULL,
  `content_type_id` int NOT NULL,
  `codename` varchar(100) NOT NULL,
  PRIMARY KEY (`id`),
  UNIQUE KEY `auth_permission_content_type_id_codename_01ab375a_uniq` (`content_type_id`,`codename`),
  CONSTRAINT `auth_permission_content_type_id_2f476e4b_fk_django_co` FOREIGN KEY (`content_type_id`) REFERENCES `django_content_type` (`id`)
) ENGINE=InnoDB AUTO_INCREMENT=97 DEFAULT CHARSET=utf8mb4 COLLATE=utf8mb4_0900_ai_ci;
/*!40101 SET character_set_client = @saved_cs_client */;

--
-- Dumping data for table `auth_permission`
--

LOCK TABLES `auth_permission` WRITE;
/*!40000 ALTER TABLE `auth_permission` DISABLE KEYS */;
INSERT INTO `auth_permission` VALUES (1,'Can add log entry',1,'add_logentry'),(2,'Can change log entry',1,'change_logentry'),(3,'Can delete log entry',1,'delete_logentry'),(4,'Can view log entry',1,'view_logentry'),(5,'Can add permission',2,'add_permission'),(6,'Can change permission',2,'change_permission'),(7,'Can delete permission',2,'delete_permission'),(8,'Can view permission',2,'view_permission'),(9,'Can add group',3,'add_group'),(10,'Can change group',3,'change_group'),(11,'Can delete group',3,'delete_group'),(12,'Can view group',3,'view_group'),(13,'Can add user',4,'add_user'),(14,'Can change user',4,'change_user'),(15,'Can delete user',4,'delete_user'),(16,'Can view user',4,'view_user'),(17,'Can add content type',5,'add_contenttype'),(18,'Can change content type',5,'change_contenttype'),(19,'Can delete content type',5,'delete_contenttype'),(20,'Can view content type',5,'view_contenttype'),(21,'Can add session',6,'add_session'),(22,'Can change session',6,'change_session'),(23,'Can delete session',6,'delete_session'),(24,'Can view session',6,'view_session'),(25,'Can add main service',7,'add_mainservice'),(26,'Can change main service',7,'change_mainservice'),(27,'Can delete main service',7,'delete_mainservice'),(28,'Can view main service',7,'view_mainservice'),(29,'Can add service',8,'add_service'),(30,'Can change service',8,'change_service'),(31,'Can delete service',8,'delete_service'),(32,'Can view service',8,'view_service'),(33,'Can add service category',9,'add_servicecategory'),(34,'Can change service category',9,'change_servicecategory'),(35,'Can delete service category',9,'delete_servicecategory'),(36,'Can view service category',9,'view_servicecategory'),(37,'Can add industry solution',10,'add_industrysolution'),(38,'Can change industry solution',10,'change_industrysolution'),(39,'Can delete industry solution',10,'delete_industrysolution'),(40,'Can view industry solution',10,'view_industrysolution'),(41,'Can add task solution',11,'add_tasksolution'),(42,'Can change task solution',11,'change_tasksolution'),(43,'Can delete task solution',11,'delete_tasksolution'),(44,'Can view task solution',11,'view_tasksolution'),(45,'Can add company type',12,'add_companytype'),(46,'Can change company type',12,'change_companytype'),(47,'Can delete company type',12,'delete_companytype'),(48,'Can view company type',12,'view_companytype'),(49,'Can add service extension for1c',13,'add_serviceextensionfor1c'),(50,'Can change service extension for1c',13,'change_serviceextensionfor1c'),(51,'Can delete service extension for1c',13,'delete_serviceextensionfor1c'),(52,'Can view service extension for1c',13,'view_serviceextensionfor1c'),(53,'Can add site',14,'add_site'),(54,'Can change site',14,'change_site'),(55,'Can delete site',14,'delete_site'),(56,'Can view site',14,'view_site'),(57,'Can add site extension',15,'add_siteextension'),(58,'Can change site extension',15,'change_siteextension'),(59,'Can delete site extension',15,'delete_siteextension'),(60,'Can view site extension',15,'view_siteextension'),(61,'Can add site extension',16,'add_siteextension'),(62,'Can change site extension',16,'change_siteextension'),(63,'Can delete site extension',16,'delete_siteextension'),(64,'Can view site extension',16,'view_siteextension'),(65,'Can add service extension for1c',17,'add_serviceextensionfor1c'),(66,'Can change service extension for1c',17,'change_serviceextensionfor1c'),(67,'Can delete service extension for1c',17,'delete_serviceextensionfor1c'),(68,'Can view service extension for1c',17,'view_serviceextensionfor1c'),(69,'Can add industry solution',18,'add_industrysolution'),(70,'Can change industry solution',18,'change_industrysolution'),(71,'Can delete industry solution',18,'delete_industrysolution'),(72,'Can view industry solution',18,'view_industrysolution'),(73,'Can add task solution',19,'add_tasksolution'),(74,'Can change task solution',19,'change_tasksolution'),(75,'Can delete task solution',19,'delete_tasksolution'),(76,'Can view task solution',19,'view_tasksolution'),(77,'Can add company type',20,'add_companytype'),(78,'Can change company type',20,'change_companytype'),(79,'Can delete company type',20,'delete_companytype'),(80,'Can view company type',20,'view_companytype'),(81,'Can add order',21,'add_order'),(82,'Can change order',21,'change_order'),(83,'Can delete order',21,'delete_order'),(84,'Can view order',21,'view_order'),(85,'Can add contacts',22,'add_contacts'),(86,'Can change contacts',22,'change_contacts'),(87,'Can delete contacts',22,'delete_contacts'),(88,'Can view contacts',22,'view_contacts'),(89,'Can add service list',23,'add_servicelist'),(90,'Can change service list',23,'change_servicelist'),(91,'Can delete service list',23,'delete_servicelist'),(92,'Can view service list',23,'view_servicelist'),(93,'Can add captcha store',24,'add_captchastore'),(94,'Can change captcha store',24,'change_captchastore'),(95,'Can delete captcha store',24,'delete_captchastore'),(96,'Can view captcha store',24,'view_captchastore');
/*!40000 ALTER TABLE `auth_permission` ENABLE KEYS */;
UNLOCK TABLES;

--
-- Table structure for table `auth_user`
--

DROP TABLE IF EXISTS `auth_user`;
/*!40101 SET @saved_cs_client     = @@character_set_client */;
/*!50503 SET character_set_client = utf8mb4 */;
CREATE TABLE `auth_user` (
  `id` int NOT NULL AUTO_INCREMENT,
  `password` varchar(128) NOT NULL,
  `last_login` datetime(6) DEFAULT NULL,
  `is_superuser` tinyint(1) NOT NULL,
  `username` varchar(150) NOT NULL,
  `first_name` varchar(150) NOT NULL,
  `last_name` varchar(150) NOT NULL,
  `email` varchar(254) NOT NULL,
  `is_staff` tinyint(1) NOT NULL,
  `is_active` tinyint(1) NOT NULL,
  `date_joined` datetime(6) NOT NULL,
  PRIMARY KEY (`id`),
  UNIQUE KEY `username` (`username`)
) ENGINE=InnoDB AUTO_INCREMENT=2 DEFAULT CHARSET=utf8mb4 COLLATE=utf8mb4_0900_ai_ci;
/*!40101 SET character_set_client = @saved_cs_client */;

--
-- Dumping data for table `auth_user`
--

LOCK TABLES `auth_user` WRITE;
/*!40000 ALTER TABLE `auth_user` DISABLE KEYS */;
INSERT INTO `auth_user` VALUES (1,'pbkdf2_sha256$870000$doBENKyvgFPxNlUCfYDCav$lqhdh8njQ+U3VhZVdj1UWVPApA0NUegffkiTPGnuJY8=','2025-01-06 13:58:10.905980',1,'admin','','','',1,1,'2024-10-12 19:56:45.057888');
/*!40000 ALTER TABLE `auth_user` ENABLE KEYS */;
UNLOCK TABLES;

--
-- Table structure for table `auth_user_groups`
--

DROP TABLE IF EXISTS `auth_user_groups`;
/*!40101 SET @saved_cs_client     = @@character_set_client */;
/*!50503 SET character_set_client = utf8mb4 */;
CREATE TABLE `auth_user_groups` (
  `id` bigint NOT NULL AUTO_INCREMENT,
  `user_id` int NOT NULL,
  `group_id` int NOT NULL,
  PRIMARY KEY (`id`),
  UNIQUE KEY `auth_user_groups_user_id_group_id_94350c0c_uniq` (`user_id`,`group_id`),
  KEY `auth_user_groups_group_id_97559544_fk_auth_group_id` (`group_id`),
  CONSTRAINT `auth_user_groups_group_id_97559544_fk_auth_group_id` FOREIGN KEY (`group_id`) REFERENCES `auth_group` (`id`),
  CONSTRAINT `auth_user_groups_user_id_6a12ed8b_fk_auth_user_id` FOREIGN KEY (`user_id`) REFERENCES `auth_user` (`id`)
) ENGINE=InnoDB DEFAULT CHARSET=utf8mb4 COLLATE=utf8mb4_0900_ai_ci;
/*!40101 SET character_set_client = @saved_cs_client */;

--
-- Dumping data for table `auth_user_groups`
--

LOCK TABLES `auth_user_groups` WRITE;
/*!40000 ALTER TABLE `auth_user_groups` DISABLE KEYS */;
/*!40000 ALTER TABLE `auth_user_groups` ENABLE KEYS */;
UNLOCK TABLES;

--
-- Table structure for table `auth_user_user_permissions`
--

DROP TABLE IF EXISTS `auth_user_user_permissions`;
/*!40101 SET @saved_cs_client     = @@character_set_client */;
/*!50503 SET character_set_client = utf8mb4 */;
CREATE TABLE `auth_user_user_permissions` (
  `id` bigint NOT NULL AUTO_INCREMENT,
  `user_id` int NOT NULL,
  `permission_id` int NOT NULL,
  PRIMARY KEY (`id`),
  UNIQUE KEY `auth_user_user_permissions_user_id_permission_id_14a6b632_uniq` (`user_id`,`permission_id`),
  KEY `auth_user_user_permi_permission_id_1fbb5f2c_fk_auth_perm` (`permission_id`),
  CONSTRAINT `auth_user_user_permi_permission_id_1fbb5f2c_fk_auth_perm` FOREIGN KEY (`permission_id`) REFERENCES `auth_permission` (`id`),
  CONSTRAINT `auth_user_user_permissions_user_id_a95ead1b_fk_auth_user_id` FOREIGN KEY (`user_id`) REFERENCES `auth_user` (`id`)
) ENGINE=InnoDB DEFAULT CHARSET=utf8mb4 COLLATE=utf8mb4_0900_ai_ci;
/*!40101 SET character_set_client = @saved_cs_client */;

--
-- Dumping data for table `auth_user_user_permissions`
--

LOCK TABLES `auth_user_user_permissions` WRITE;
/*!40000 ALTER TABLE `auth_user_user_permissions` DISABLE KEYS */;
/*!40000 ALTER TABLE `auth_user_user_permissions` ENABLE KEYS */;
UNLOCK TABLES;

--
-- Table structure for table `captcha_captchastore`
--

DROP TABLE IF EXISTS `captcha_captchastore`;
/*!40101 SET @saved_cs_client     = @@character_set_client */;
/*!50503 SET character_set_client = utf8mb4 */;
CREATE TABLE `captcha_captchastore` (
  `id` int NOT NULL AUTO_INCREMENT,
  `challenge` varchar(32) NOT NULL,
  `response` varchar(32) NOT NULL,
  `hashkey` varchar(40) NOT NULL,
  `expiration` datetime(6) NOT NULL,
  PRIMARY KEY (`id`),
  UNIQUE KEY `hashkey` (`hashkey`)
) ENGINE=InnoDB AUTO_INCREMENT=56 DEFAULT CHARSET=utf8mb4 COLLATE=utf8mb4_0900_ai_ci;
/*!40101 SET character_set_client = @saved_cs_client */;

--
-- Dumping data for table `captcha_captchastore`
--

LOCK TABLES `captcha_captchastore` WRITE;
/*!40000 ALTER TABLE `captcha_captchastore` DISABLE KEYS */;
INSERT INTO `captcha_captchastore` VALUES (46,'DHXF','dhxf','0868e42826a313389d4668c63a0d3e6d3558471d','2025-01-06 13:48:30.539379'),(47,'NDDH','nddh','c4a499f38fb9598a341300da65e85d30c1738ec7','2025-01-06 13:48:42.234859'),(48,'WVRY','wvry','e635565ae59c59296ef319fd7eb9ff01f62d6da2','2025-01-06 13:50:06.002156'),(49,'PGEY','pgey','34fb7448152b08e74c6fef93f00cf89124c205f6','2025-01-06 13:50:13.938541'),(51,'UQTZ','uqtz','21444ff0c560fafa5f3b5e2cac6c9204af22eb4e','2025-01-06 14:10:09.182105'),(52,'MPWE','mpwe','72c3067da5e32f180892acbb2db1dbe7391d3565','2025-01-06 14:10:54.380687'),(53,'WMKQ','wmkq','0e62d7ad28fe9f73e00dd9b26b8dd98e52700f58','2025-01-06 14:11:04.395019'),(54,'PNYG','pnyg','e604436e392c1f2493885f62b52a9af84f3af565','2025-01-06 14:13:06.178990'),(55,'MKAR','mkar','f8bdfff7d734ac46bb39df30a892363496913d2b','2025-01-06 14:15:05.979810');
/*!40000 ALTER TABLE `captcha_captchastore` ENABLE KEYS */;
UNLOCK TABLES;

--
-- Table structure for table `django_admin_log`
--

DROP TABLE IF EXISTS `django_admin_log`;
/*!40101 SET @saved_cs_client     = @@character_set_client */;
/*!50503 SET character_set_client = utf8mb4 */;
CREATE TABLE `django_admin_log` (
  `id` int NOT NULL AUTO_INCREMENT,
  `action_time` datetime(6) NOT NULL,
  `object_id` longtext,
  `object_repr` varchar(200) NOT NULL,
  `action_flag` smallint unsigned NOT NULL,
  `change_message` longtext NOT NULL,
  `content_type_id` int DEFAULT NULL,
  `user_id` int NOT NULL,
  PRIMARY KEY (`id`),
  KEY `django_admin_log_content_type_id_c4bce8eb_fk_django_co` (`content_type_id`),
  KEY `django_admin_log_user_id_c564eba6_fk_auth_user_id` (`user_id`),
  CONSTRAINT `django_admin_log_content_type_id_c4bce8eb_fk_django_co` FOREIGN KEY (`content_type_id`) REFERENCES `django_content_type` (`id`),
  CONSTRAINT `django_admin_log_user_id_c564eba6_fk_auth_user_id` FOREIGN KEY (`user_id`) REFERENCES `auth_user` (`id`),
  CONSTRAINT `django_admin_log_chk_1` CHECK ((`action_flag` >= 0))
) ENGINE=InnoDB AUTO_INCREMENT=115 DEFAULT CHARSET=utf8mb4 COLLATE=utf8mb4_0900_ai_ci;
/*!40101 SET character_set_client = @saved_cs_client */;

--
-- Dumping data for table `django_admin_log`
--

LOCK TABLES `django_admin_log` WRITE;
/*!40000 ALTER TABLE `django_admin_log` DISABLE KEYS */;
INSERT INTO `django_admin_log` VALUES (1,'2024-10-15 19:32:41.950217','1','1С:Предприятие 8. Управление торговлей для Кыргызс',1,'[{\"added\": {}}]',8,1),(2,'2024-10-15 19:35:12.241600','1','1С:Предприятие 8. Управление торговлей для Кыргызс - Расширение',1,'[{\"added\": {}}]',13,1),(3,'2024-10-15 19:45:17.844958','1','1С:Предприятие 8. Управление торговлей для Кыргызстана, Электронная поставка',2,'[{\"changed\": {\"fields\": [\"Name\"]}}]',8,1),(4,'2024-10-15 19:46:21.619911','1','1С:Предприятие 8. Управление торговлей для Кыргызстана, Электронная поставка',2,'[{\"changed\": {\"fields\": [\"Slug\"]}}]',8,1),(5,'2024-10-16 07:46:44.423280','1','1С:Предприятие 8. Управление торговлей для Кыргызстана, Электронная поставка',2,'[{\"changed\": {\"fields\": [\"Slug\"]}}]',8,1),(6,'2024-10-16 07:47:35.889792','1','1С:Предприятие 8. Управление торговлей для Кыргызстана, Электронная поставка - Расширение',2,'[]',13,1),(7,'2024-10-16 07:49:41.243168','1','1С:Предприятие 8. Управление торговлей для Кыргызстана, Электронная поставка',2,'[]',8,1),(8,'2024-10-16 07:50:28.163966','2','1С:Бухгалтерия 8 для Кыргызстана. Учебная версия. Электронная поставка',1,'[{\"added\": {}}]',8,1),(9,'2024-10-16 07:52:16.610974','2','1С:Бухгалтерия 8 для Кыргызстана. Учебная версия. Электронная поставка - Расширение',1,'[{\"added\": {}}]',13,1),(10,'2024-10-16 07:53:44.372226','3','1С:Бухгалтерия 8 для Кыргызстана. Базовая версия. Электронная поставка',1,'[{\"added\": {}}]',8,1),(11,'2024-10-16 07:55:18.043603','4','1С:Предприятие 8. Бухгалтерия для Кыргызстана ПРОФ (USB)',1,'[{\"added\": {}}]',8,1),(12,'2024-10-16 07:56:48.375931','3','1С:Бухгалтерия 8 для Кыргызстана. Базовая версия. Электронная поставка - Расширение',1,'[{\"added\": {}}]',13,1),(13,'2024-10-16 07:58:21.687866','4','1С:Предприятие 8. Бухгалтерия для Кыргызстана ПРОФ (USB) - Расширение',1,'[{\"added\": {}}]',13,1),(14,'2024-10-16 08:00:12.939868','5','1С:Предприятие 8. Бухгалтерия для Кыргызстана ПРОФ. Электронная поставка',1,'[{\"added\": {}}]',8,1),(15,'2024-10-16 08:02:05.272652','5','1С:Предприятие 8. Бухгалтерия для Кыргызстана ПРОФ. Электронная поставка - Расширение',1,'[{\"added\": {}}]',13,1),(16,'2024-10-16 09:13:52.351403','1','ПО на 1C',2,'[{\"changed\": {\"fields\": [\"Description\"]}}]',7,1),(17,'2024-10-16 09:31:10.795955','1','ПО на 1C',2,'[{\"changed\": {\"fields\": [\"Icon\"]}}]',7,1),(18,'2024-10-16 10:14:26.743083','1','Торговое ПО на 1C',2,'[{\"changed\": {\"fields\": [\"Name\"]}}]',7,1),(19,'2024-10-16 10:19:51.673973','2','Дизайн и брендирование',1,'[{\"added\": {}}]',7,1),(20,'2024-10-16 10:20:24.355378','3','Разработка сайтов',1,'[{\"added\": {}}]',7,1),(21,'2024-10-24 05:57:39.519054','1','infotech.kg',2,'[{\"changed\": {\"fields\": [\"Domain name\", \"Display name\"]}}]',14,1),(22,'2024-10-24 06:00:06.462594','2','1c',1,'[{\"added\": {}}]',14,1),(23,'2024-10-24 07:54:29.685734','4','1С в облаке',2,'[{\"changed\": {\"fields\": [\"Site\"]}}]',9,1),(24,'2024-10-24 07:54:42.098515','3','Дополнительные услуги по 1С',2,'[{\"changed\": {\"fields\": [\"Site\"]}}]',9,1),(25,'2024-10-24 07:54:53.187826','2','1С:Информационно-технологическое сопровождение',2,'[{\"changed\": {\"fields\": [\"Site\"]}}]',9,1),(26,'2024-10-24 07:55:08.520597','1','Продукты 1С:Предприятие',2,'[{\"changed\": {\"fields\": [\"Site\"]}}]',9,1),(27,'2024-10-24 08:34:22.890703','3','1C',1,'[{\"added\": {}}]',16,1),(28,'2024-10-24 08:37:55.333203','2','infotech.1c',2,'[{\"changed\": {\"fields\": [\"Domain name\", \"Display name\"]}}]',14,1),(29,'2024-10-24 08:38:37.214112','3','infotech.sites',1,'[{\"added\": {}}]',14,1),(30,'2024-10-24 08:39:07.341111','4','infotech.design',1,'[{\"added\": {}}]',14,1),(31,'2024-10-24 08:39:50.434292','4','Дизайн и брендирование',1,'[{\"added\": {}}]',16,1),(32,'2024-10-24 08:40:13.142876','5','Разработка сайтов',1,'[{\"added\": {}}]',16,1),(33,'2024-10-24 08:53:46.299520','2','8000',2,'[{\"changed\": {\"fields\": [\"Domain name\"]}}]',14,1),(34,'2024-10-24 08:54:08.945070','2','8001`',2,'[{\"changed\": {\"fields\": [\"Domain name\"]}}]',14,1),(35,'2024-10-24 08:54:21.194159','1','8001',2,'[{\"changed\": {\"fields\": [\"Domain name\"]}}]',14,1),(36,'2024-10-24 08:54:29.309114','1','8000',2,'[{\"changed\": {\"fields\": [\"Domain name\"]}}]',14,1),(37,'2024-10-24 08:54:38.886868','2','8001',2,'[{\"changed\": {\"fields\": [\"Domain name\"]}}]',14,1),(38,'2024-10-24 09:37:00.677387','1','127.0.0.1:8000',2,'[{\"changed\": {\"fields\": [\"Domain name\"]}}]',14,1),(39,'2024-10-24 09:37:13.468071','2','127.0.0.1:8001',2,'[{\"changed\": {\"fields\": [\"Domain name\"]}}]',14,1),(40,'2024-10-24 17:22:59.521792','1','ПО на 1C',1,'[{\"added\": {}}]',7,1),(41,'2024-10-24 17:23:40.704108','2','Infotech',1,'[{\"added\": {}}]',7,1),(42,'2024-10-24 17:24:29.636774','3','Разработка сайтов',1,'[{\"added\": {}}]',7,1),(43,'2024-10-24 17:25:05.096843','4','1С в облаке',2,'[{\"changed\": {\"fields\": [\"Main service\"]}}]',9,1),(44,'2024-10-24 17:25:18.667288','3','Дополнительные услуги по 1С',2,'[{\"changed\": {\"fields\": [\"Main service\"]}}]',9,1),(45,'2024-10-24 17:25:29.352632','2','1С:Информационно-технологическое сопровождение',2,'[{\"changed\": {\"fields\": [\"Main service\"]}}]',9,1),(46,'2024-10-24 17:25:40.507796','1','Продукты 1С:Предприятие',2,'[{\"changed\": {\"fields\": [\"Main service\"]}}]',9,1),(47,'2024-10-24 17:25:45.439112','3','Дополнительные услуги по 1С',2,'[]',9,1),(48,'2024-10-24 17:25:50.843528','2','1С:Информационно-технологическое сопровождение',2,'[]',9,1),(49,'2024-10-31 10:23:53.286530','1','1С:Предприятие  - Расширение',1,'[{\"added\": {}}]',17,1),(50,'2024-10-31 10:25:31.793066','2','1С:Бухгалтерия  - Расширение',1,'[{\"added\": {}}]',17,1),(51,'2024-10-31 10:26:14.568488','3','1С:Бухгалтерия  - Расширение',1,'[{\"added\": {}}]',17,1),(52,'2024-10-31 10:27:19.129864','4','1С:Предприятие  - Расширение',1,'[{\"added\": {}}]',17,1),(53,'2024-10-31 10:28:44.796021','5','1С:Предприятие  - Расширение',1,'[{\"added\": {}}]',17,1),(54,'2024-11-01 11:49:02.224193','5','Услуги Крупному бизнесу',3,'',20,1),(55,'2024-11-24 19:20:00.600717','6','Брендирование',1,'[{\"added\": {}}]',8,1),(56,'2024-11-27 12:54:34.533163','1','1C Автоматизация',2,'[{\"changed\": {\"fields\": [\"Name\"]}}]',7,1),(57,'2024-11-27 13:25:37.344174','1','1C автоматизация',2,'[{\"changed\": {\"fields\": [\"Name\"]}}]',7,1),(58,'2024-12-02 14:19:29.477551','1','Contacts object (1)',1,'[{\"added\": {}}]',22,1),(59,'2024-12-06 07:28:31.378964','7','Проектирование',1,'[{\"added\": {}}]',8,1),(60,'2024-12-06 07:29:29.950406','8','Lorem ipsum dolor sit amet consectetur adipisicing elit. Reprehenderit alias, consequuntur doloribus sapiente quidem id est, hic numquam illum explicabo repudiandae, repellendus i',1,'[{\"added\": {}}]',8,1),(61,'2024-12-06 07:30:10.500717','9','Lorem ipsum dolor sit amet consectetur adipisicing elit. Reprehenderit alias, consequuntur doloribus sapiente qu',1,'[{\"added\": {}}]',8,1),(62,'2024-12-06 07:30:33.603970','10','Lorem ipsum dolor sit amet consectetur adipisicing elit. Reprehenderit alias, consequuntur doloribus',1,'[{\"added\": {}}]',8,1),(63,'2024-12-06 07:31:05.118095','11','Lorem ipsum dolor sit amet consectetur adipisicing elit. Reprehenderit alias, consequuntur doloribus sapiente quidem id est,',1,'[{\"added\": {}}]',8,1),(64,'2024-12-06 13:27:33.184850','1','Services for Home Page',1,'[{\"added\": {}}]',23,1),(65,'2025-01-06 14:13:52.468306','11','Lorem ipsum dolor sit amet consectetur adipisicing elit. Reprehenderit alias, consequuntur doloribus sapiente quidem id est,',3,'',8,1),(66,'2025-01-06 14:13:52.468306','10','Lorem ipsum dolor sit amet consectetur adipisicing elit. Reprehenderit alias, consequuntur doloribus',3,'',8,1),(67,'2025-01-06 14:13:52.468306','9','Lorem ipsum dolor sit amet consectetur adipisicing elit. Reprehenderit alias, consequuntur doloribus sapiente qu',3,'',8,1),(68,'2025-01-06 14:13:52.468306','8','Lorem ipsum dolor sit amet consectetur adipisicing elit. Reprehenderit alias, consequuntur doloribus sapiente quidem id est, hic numquam illum explicabo repudiandae, repellendus i',3,'',8,1),(69,'2025-01-06 14:13:52.468306','7','Проектирование',3,'',8,1),(70,'2025-01-06 14:13:52.468306','6','Брендирование',3,'',8,1),(71,'2025-01-06 14:17:28.570224','4','1С в облаке',3,'',9,1),(72,'2025-01-06 14:17:28.570224','3','Дополнительные услуги по 1С',3,'',9,1),(73,'2025-01-06 14:18:06.869443','1','1С:Предприятие',2,'[{\"changed\": {\"fields\": [\"Name\", \"Slug\"]}}]',9,1),(74,'2025-01-06 14:18:56.182953','5','1С:Бухгалтерия',1,'[{\"added\": {}}]',9,1),(75,'2025-01-06 14:19:19.614881','3','1С:Бухгалтерия 8 для Кыргызстана. Базовая версия. Электронная поставка',2,'[{\"changed\": {\"fields\": [\"Category\"]}}]',8,1),(76,'2025-01-06 14:19:34.630360','5','1С:Предприятие 8. Бухгалтерия для Кыргызстана ПРОФ. Электронная поставка',2,'[{\"changed\": {\"fields\": [\"Category\"]}}]',8,1),(77,'2025-01-06 14:20:21.708680','5','1С:Предприятие 8. Бухгалтерия для Кыргызстана ПРОФ. Электронная поставка',2,'[]',8,1),(78,'2025-01-06 14:20:37.550011','4','1С:Предприятие 8. Бухгалтерия для Кыргызстана ПРОФ (USB)',2,'[{\"changed\": {\"fields\": [\"Category\"]}}]',8,1),(79,'2025-01-06 14:22:39.386876','12','1С:Предприятие 8. Комплект на 5 пользователей Бухгалтерии Кыргызстана.Электронная поставка',1,'[{\"added\": {}}]',8,1),(80,'2025-01-06 14:24:31.849450','6','Расширение - 1С:Предприятие 8. Комплект на 5 пользователей Бухгалтерии Кыргызстана.Электронная поставка',1,'[{\"added\": {}}]',17,1),(81,'2025-01-06 14:25:51.357881','13','1С:Предприятие 8. Комплект на 5 пользователей Бухгалтерии Кыргызстана (USB)',1,'[{\"added\": {}}]',8,1),(82,'2025-01-06 14:27:36.793337','7','Расширение - 1С:Предприятие 8. Комплект на 5 пользователей Бухгалтерии Кыргызстана (USB)',1,'[{\"added\": {}}]',17,1),(83,'2025-01-06 14:28:26.334285','14','1С:Предприятие 8. Бухгалтерия для бюджетных организаций Кыргызстана. Электронная поставка',1,'[{\"added\": {}}]',8,1),(84,'2025-01-06 14:29:10.375104','8','Расширение - 1С:Предприятие 8. Бухгалтерия для бюджетных организаций Кыргызстана. Электронная поставка',1,'[{\"added\": {}}]',17,1),(85,'2025-01-06 14:30:08.382037','15','1С:Предприятие 8. Бухгалтерия для бюджетных организаций Кыргызстана (USB)',1,'[{\"added\": {}}]',8,1),(86,'2025-01-06 14:30:47.267869','9','Расширение - 1С:Предприятие 8. Бухгалтерия для бюджетных организаций Кыргызстана (USB)',1,'[{\"added\": {}}]',17,1),(87,'2025-01-06 14:34:25.564387','16','1С:Предприятие 8. Розница для Кыргызстана. Электронная поставка',1,'[{\"added\": {}}]',8,1),(88,'2025-01-06 14:35:55.736725','10','Расширение - 1С:Предприятие 8. Розница для Кыргызстана. Электронная поставка',1,'[{\"added\": {}}]',17,1),(89,'2025-01-06 14:37:22.652564','17','1С:Предприятие 8. Управление компанией для Кыргызстана. Электронная поставка',1,'[{\"added\": {}}]',8,1),(90,'2025-01-06 14:37:57.744650','11','Расширение - 1С:Предприятие 8. Управление компанией для Кыргызстана. Электронная поставка',1,'[{\"added\": {}}]',17,1),(91,'2025-01-06 14:40:17.927355','18','1С:Документооборот 8 ПРОФ',1,'[{\"added\": {}}]',8,1),(92,'2025-01-06 14:41:35.710942','12','Расширение - 1С:Документооборот 8 ПРОФ',1,'[{\"added\": {}}]',17,1),(93,'2025-01-06 14:42:40.209226','19','1С:Комплексная автоматизация 2',1,'[{\"added\": {}}]',8,1),(94,'2025-01-06 14:44:46.315577','13','Расширение - 1С:Комплексная автоматизация 2',1,'[{\"added\": {}}]',17,1),(95,'2025-01-06 14:53:28.175838','20','1С:Предприятие Розница 8. Аптека',1,'[{\"added\": {}}]',8,1),(96,'2025-01-06 15:03:29.441173','14','Расширение - 1С:Предприятие Розница 8. Аптека',1,'[{\"added\": {}}]',17,1),(97,'2025-01-06 15:05:23.149293','21','1С:Предприятие 8. Управление нашей строительной фирмой Электронная поставка',1,'[{\"added\": {}}]',8,1),(98,'2025-01-06 15:06:34.074931','15','Расширение - 1С:Предприятие 8. Управление нашей строительной фирмой Электронная поставка',1,'[{\"added\": {}}]',17,1),(99,'2025-01-06 15:08:07.961280','22','1С:Предприятие 8. 1С-Рарус: Ломбард 4 Электронная поставка',1,'[{\"added\": {}}]',8,1),(100,'2025-01-06 15:08:43.097362','16','Расширение - 1С:Предприятие 8. 1С-Рарус: Ломбард 4 Электронная поставка',1,'[{\"added\": {}}]',17,1),(101,'2025-01-06 15:09:42.698556','23','1С:Предприятие 8. Управление Автотранспортом. ПРОФ',1,'[{\"added\": {}}]',8,1),(102,'2025-01-06 15:10:28.559671','17','Расширение - 1С:Предприятие 8. Управление Автотранспортом. ПРОФ',1,'[{\"added\": {}}]',17,1),(103,'2025-01-06 15:11:12.141116','9','Order object (9)',3,'',21,1),(104,'2025-01-06 15:11:12.141116','8','Order object (8)',3,'',21,1),(105,'2025-01-06 15:11:12.141116','7','Order object (7)',3,'',21,1),(106,'2025-01-06 15:11:12.141116','6','Order object (6)',3,'',21,1),(107,'2025-01-06 15:11:12.141116','5','Order object (5)',3,'',21,1),(108,'2025-01-06 15:11:12.141116','4','Order object (4)',3,'',21,1),(109,'2025-01-06 15:11:12.141116','3','Order object (3)',3,'',21,1),(110,'2025-01-06 15:11:12.141116','2','Order object (2)',3,'',21,1),(111,'2025-01-06 15:11:12.141116','1','Order object (1)',3,'',21,1),(112,'2025-01-06 15:11:39.855486','3','Разработка сайтов',3,'',7,1),(113,'2025-01-06 15:11:39.855486','2','Дизайн и брендирование',3,'',7,1),(114,'2025-01-06 15:14:18.223096','1','Contacts object (1)',2,'[{\"changed\": {\"fields\": [\"Email\", \"\\u0427\\u0430\\u0441\\u044b \\u0440\\u0430\\u0431\\u043e\\u0442\\u044b\"]}}]',22,1);
/*!40000 ALTER TABLE `django_admin_log` ENABLE KEYS */;
UNLOCK TABLES;

--
-- Table structure for table `django_content_type`
--

DROP TABLE IF EXISTS `django_content_type`;
/*!40101 SET @saved_cs_client     = @@character_set_client */;
/*!50503 SET character_set_client = utf8mb4 */;
CREATE TABLE `django_content_type` (
  `id` int NOT NULL AUTO_INCREMENT,
  `app_label` varchar(100) NOT NULL,
  `model` varchar(100) NOT NULL,
  PRIMARY KEY (`id`),
  UNIQUE KEY `django_content_type_app_label_model_76bd3d3b_uniq` (`app_label`,`model`)
) ENGINE=InnoDB AUTO_INCREMENT=25 DEFAULT CHARSET=utf8mb4 COLLATE=utf8mb4_0900_ai_ci;
/*!40101 SET character_set_client = @saved_cs_client */;

--
-- Dumping data for table `django_content_type`
--

LOCK TABLES `django_content_type` WRITE;
/*!40000 ALTER TABLE `django_content_type` DISABLE KEYS */;
INSERT INTO `django_content_type` VALUES (1,'admin','logentry'),(20,'App1C','companytype'),(18,'App1C','industrysolution'),(17,'App1C','serviceextensionfor1c'),(19,'App1C','tasksolution'),(3,'auth','group'),(2,'auth','permission'),(4,'auth','user'),(24,'captcha','captchastore'),(5,'contenttypes','contenttype'),(22,'Home','contacts'),(16,'Home','siteextension'),(12,'Services','companytype'),(10,'Services','industrysolution'),(7,'Services','mainservice'),(21,'Services','order'),(8,'Services','service'),(9,'Services','servicecategory'),(13,'Services','serviceextensionfor1c'),(23,'Services','servicelist'),(15,'Services','siteextension'),(11,'Services','tasksolution'),(6,'sessions','session'),(14,'sites','site');
/*!40000 ALTER TABLE `django_content_type` ENABLE KEYS */;
UNLOCK TABLES;

--
-- Table structure for table `django_migrations`
--

DROP TABLE IF EXISTS `django_migrations`;
/*!40101 SET @saved_cs_client     = @@character_set_client */;
/*!50503 SET character_set_client = utf8mb4 */;
CREATE TABLE `django_migrations` (
  `id` bigint NOT NULL AUTO_INCREMENT,
  `app` varchar(255) NOT NULL,
  `name` varchar(255) NOT NULL,
  `applied` datetime(6) NOT NULL,
  PRIMARY KEY (`id`)
) ENGINE=InnoDB AUTO_INCREMENT=50 DEFAULT CHARSET=utf8mb4 COLLATE=utf8mb4_0900_ai_ci;
/*!40101 SET character_set_client = @saved_cs_client */;

--
-- Dumping data for table `django_migrations`
--

LOCK TABLES `django_migrations` WRITE;
/*!40000 ALTER TABLE `django_migrations` DISABLE KEYS */;
INSERT INTO `django_migrations` VALUES (1,'contenttypes','0001_initial','2024-10-12 19:43:40.701067'),(2,'auth','0001_initial','2024-10-12 19:43:48.195731'),(3,'admin','0001_initial','2024-10-12 19:43:49.723788'),(4,'admin','0002_logentry_remove_auto_add','2024-10-12 19:43:49.770646'),(5,'admin','0003_logentry_add_action_flag_choices','2024-10-12 19:43:49.878832'),(6,'contenttypes','0002_remove_content_type_name','2024-10-12 19:43:50.800971'),(7,'auth','0002_alter_permission_name_max_length','2024-10-12 19:43:51.129692'),(8,'auth','0003_alter_user_email_max_length','2024-10-12 19:43:51.482220'),(9,'auth','0004_alter_user_username_opts','2024-10-12 19:43:51.556062'),(10,'auth','0005_alter_user_last_login_null','2024-10-12 19:43:52.251520'),(11,'auth','0006_require_contenttypes_0002','2024-10-12 19:43:52.349262'),(12,'auth','0007_alter_validators_add_error_messages','2024-10-12 19:43:52.406725'),(13,'auth','0008_alter_user_username_max_length','2024-10-12 19:43:53.093978'),(14,'auth','0009_alter_user_last_name_max_length','2024-10-12 19:43:53.641527'),(15,'auth','0010_alter_group_name_max_length','2024-10-12 19:43:54.068614'),(16,'auth','0011_update_proxy_permissions','2024-10-12 19:43:54.145937'),(17,'auth','0012_alter_user_first_name_max_length','2024-10-12 19:43:54.473009'),(18,'sessions','0001_initial','2024-10-12 19:43:54.878765'),(19,'Services','0001_initial','2024-10-15 17:00:42.444913'),(20,'Services','0002_companytype_industrysolution_tasksolution_and_more','2024-10-15 17:02:29.850589'),(21,'Services','0003_alter_service_name_alter_servicecategory_name','2024-10-15 19:43:17.182678'),(22,'Services','0004_alter_service_slug','2024-10-16 07:45:45.019854'),(23,'Services','0005_alter_serviceextensionfor1c_industry_solutions_and_more','2024-10-16 07:56:40.347207'),(24,'Services','0006_alter_serviceextensionfor1c_company_type','2024-10-16 08:01:24.974096'),(39,'App1C','0001_initial','2024-10-31 09:00:41.191885'),(40,'Services','0003_remove_serviceextensionfor1c_company_type_and_more','2024-10-31 09:53:49.818536'),(41,'Services','0004_service_main_service','2024-11-18 14:42:34.660748'),(42,'Services','0005_order','2024-11-22 19:46:12.402512'),(43,'Services','0006_order_phone_alter_order_service','2024-11-22 19:59:09.789654'),(44,'Services','0007_alter_mainservice_slug_alter_service_category','2024-11-24 19:15:37.150308'),(45,'Home','0001_initial','2024-11-27 13:04:30.051066'),(46,'Services','0008_mainservice_status','2024-11-27 13:04:39.876139'),(47,'Services','0009_servicelist','2024-12-06 13:11:50.550923'),(48,'captcha','0001_initial','2025-01-06 10:02:54.087205'),(49,'captcha','0002_alter_captchastore_id','2025-01-06 10:02:55.191274');
/*!40000 ALTER TABLE `django_migrations` ENABLE KEYS */;
UNLOCK TABLES;

--
-- Table structure for table `django_session`
--

DROP TABLE IF EXISTS `django_session`;
/*!40101 SET @saved_cs_client     = @@character_set_client */;
/*!50503 SET character_set_client = utf8mb4 */;
CREATE TABLE `django_session` (
  `session_key` varchar(40) NOT NULL,
  `session_data` longtext NOT NULL,
  `expire_date` datetime(6) NOT NULL,
  PRIMARY KEY (`session_key`),
  KEY `django_session_expire_date_a5c62663` (`expire_date`)
) ENGINE=InnoDB DEFAULT CHARSET=utf8mb4 COLLATE=utf8mb4_0900_ai_ci;
/*!40101 SET character_set_client = @saved_cs_client */;

--
-- Dumping data for table `django_session`
--

LOCK TABLES `django_session` WRITE;
/*!40000 ALTER TABLE `django_session` DISABLE KEYS */;
INSERT INTO `django_session` VALUES ('6zu9gocgly7631ec64jaqmg87x2qbrrj','.eJxVjM0OwiAQhN-FsyHgIj8evfcZyLILUjU0Ke3J-O62SQ96m8z3zbxFxHWpce15jiOLq9Di9NslpGduO-AHtvskaWrLPCa5K_KgXQ4T59ftcP8OKva6rQ2wz855D0Y579gpX4ACWW0TEZ65gEVFJmm3ZSrBX0CDUqhNCJlRfL7QnDes:1t6SEL:p7G_KRWX8YP1WKWzBixo_Xhmcu6gVA0sGgRMY9EdHnA','2024-11-14 10:16:41.356624'),('dsrvy9agdtagd0owghp2dbagzas7hmm1','.eJxVjM0OwiAQhN-FsyHgIj8evfcZyLILUjU0Ke3J-O62SQ96m8z3zbxFxHWpce15jiOLq9Di9NslpGduO-AHtvskaWrLPCa5K_KgXQ4T59ftcP8OKva6rQ2wz855D0Y579gpX4ACWW0TEZ65gEVFJmm3ZSrBX0CDUqhNCJlRfL7QnDes:1tEy0i:oXX2sJcUfYgiAS0lmCZF_rKSRQ8E45BmUW1oSgdKQRw','2024-12-07 21:49:48.910519'),('jfekmxj2xzco8bzrpghb6an4zgidqany','.eJxVjM0OwiAQhN-FsyHgIj8evfcZyLILUjU0Ke3J-O62SQ96m8z3zbxFxHWpce15jiOLq9Di9NslpGduO-AHtvskaWrLPCa5K_KgXQ4T59ftcP8OKva6rQ2wz855D0Y579gpX4ACWW0TEZ65gEVFJmm3ZSrBX0CDUqhNCJlRfL7QnDes:1t0lFc:ZJqobjQJzdGsSshGfM0VRvlRbhlsi9eyvWg1UiL_x7U','2024-10-29 17:22:28.794061'),('q7f7h50n05aw0dgi89q0rkvik6c66xbm','.eJxVjM0OwiAQhN-FsyHgIj8evfcZyLILUjU0Ke3J-O62SQ96m8z3zbxFxHWpce15jiOLq9Di9NslpGduO-AHtvskaWrLPCa5K_KgXQ4T59ftcP8OKva6rQ2wz855D0Y579gpX4ACWW0TEZ65gEVFJmm3ZSrBX0CDUqhNCJlRfL7QnDes:1tUncR:URT9oSRR54jfv312k2kW626V1FRHnlM4tb8MSYBbKcI','2025-01-20 13:58:11.174983');
/*!40000 ALTER TABLE `django_session` ENABLE KEYS */;
UNLOCK TABLES;

--
-- Table structure for table `home_contacts`
--

DROP TABLE IF EXISTS `home_contacts`;
/*!40101 SET @saved_cs_client     = @@character_set_client */;
/*!50503 SET character_set_client = utf8mb4 */;
CREATE TABLE `home_contacts` (
  `id` bigint NOT NULL AUTO_INCREMENT,
  `email` varchar(254) NOT NULL,
  `phone` varchar(15) DEFAULT NULL,
  `address` varchar(255) DEFAULT NULL,
  `working_hours` varchar(100) DEFAULT NULL,
  `telegram` varchar(200) DEFAULT NULL,
  PRIMARY KEY (`id`)
) ENGINE=InnoDB AUTO_INCREMENT=2 DEFAULT CHARSET=utf8mb4 COLLATE=utf8mb4_0900_ai_ci;
/*!40101 SET character_set_client = @saved_cs_client */;

--
-- Dumping data for table `home_contacts`
--

LOCK TABLES `home_contacts` WRITE;
/*!40000 ALTER TABLE `home_contacts` DISABLE KEYS */;
INSERT INTO `home_contacts` VALUES (1,'infotech@mail.com','+996 777777777','Баялинова, 1, Ош','Пн-Сб, 10:00 - 20:00',NULL);
/*!40000 ALTER TABLE `home_contacts` ENABLE KEYS */;
UNLOCK TABLES;

--
-- Table structure for table `services_mainservice`
--

DROP TABLE IF EXISTS `services_mainservice`;
/*!40101 SET @saved_cs_client     = @@character_set_client */;
/*!50503 SET character_set_client = utf8mb4 */;
CREATE TABLE `services_mainservice` (
  `id` bigint NOT NULL AUTO_INCREMENT,
  `name` varchar(50) NOT NULL,
  `icon` varchar(30) NOT NULL,
  `description` longtext NOT NULL,
  `slug` varchar(50) NOT NULL,
  `status` tinyint(1) NOT NULL,
  PRIMARY KEY (`id`),
  UNIQUE KEY `Services_mainservice_slug_730d63d4_uniq` (`slug`)
) ENGINE=InnoDB AUTO_INCREMENT=4 DEFAULT CHARSET=utf8mb4 COLLATE=utf8mb4_0900_ai_ci;
/*!40101 SET character_set_client = @saved_cs_client */;

--
-- Dumping data for table `services_mainservice`
--

LOCK TABLES `services_mainservice` WRITE;
/*!40000 ALTER TABLE `services_mainservice` DISABLE KEYS */;
INSERT INTO `services_mainservice` VALUES (1,'1C автоматизация','fa-store','Настроим техническую чаcть для вашего бизнеса','1c',1);
/*!40000 ALTER TABLE `services_mainservice` ENABLE KEYS */;
UNLOCK TABLES;

--
-- Table structure for table `services_order`
--

DROP TABLE IF EXISTS `services_order`;
/*!40101 SET @saved_cs_client     = @@character_set_client */;
/*!50503 SET character_set_client = utf8mb4 */;
CREATE TABLE `services_order` (
  `id` bigint NOT NULL AUTO_INCREMENT,
  `name` varchar(100) NOT NULL,
  `email` varchar(254) NOT NULL,
  `created_at` datetime(6) NOT NULL,
  `updated_at` datetime(6) NOT NULL,
  `status` varchar(20) NOT NULL,
  `details` longtext,
  `main_service_id` bigint NOT NULL,
  `service_id` bigint NOT NULL,
  `phone` varchar(15) NOT NULL,
  PRIMARY KEY (`id`),
  KEY `Services_order_main_service_id_6ebaeb75_fk_Services_` (`main_service_id`),
  KEY `Services_order_service_id_e211ab3b_fk_Services_service_id` (`service_id`),
  CONSTRAINT `Services_order_main_service_id_6ebaeb75_fk_Services_` FOREIGN KEY (`main_service_id`) REFERENCES `services_mainservice` (`id`),
  CONSTRAINT `Services_order_service_id_e211ab3b_fk_Services_service_id` FOREIGN KEY (`service_id`) REFERENCES `services_service` (`id`)
) ENGINE=InnoDB AUTO_INCREMENT=10 DEFAULT CHARSET=utf8mb4 COLLATE=utf8mb4_0900_ai_ci;
/*!40101 SET character_set_client = @saved_cs_client */;

--
-- Dumping data for table `services_order`
--

LOCK TABLES `services_order` WRITE;
/*!40000 ALTER TABLE `services_order` DISABLE KEYS */;
/*!40000 ALTER TABLE `services_order` ENABLE KEYS */;
UNLOCK TABLES;

--
-- Table structure for table `services_service`
--

DROP TABLE IF EXISTS `services_service`;
/*!40101 SET @saved_cs_client     = @@character_set_client */;
/*!50503 SET character_set_client = utf8mb4 */;
CREATE TABLE `services_service` (
  `id` bigint NOT NULL AUTO_INCREMENT,
  `name` varchar(200) NOT NULL,
  `slug` varchar(200) NOT NULL,
  `description` longtext NOT NULL,
  `price` decimal(10,2) DEFAULT NULL,
  `unit` varchar(20) DEFAULT NULL,
  `category_id` bigint DEFAULT NULL,
  `main_service_id` bigint NOT NULL,
  PRIMARY KEY (`id`),
  UNIQUE KEY `slug` (`slug`),
  KEY `Services_service_main_service_id_1d2f2d43_fk_Services_` (`main_service_id`),
  KEY `Services_service_category_id_bdf398f9_fk_Services_` (`category_id`),
  CONSTRAINT `Services_service_category_id_bdf398f9_fk_Services_` FOREIGN KEY (`category_id`) REFERENCES `services_servicecategory` (`id`),
  CONSTRAINT `Services_service_main_service_id_1d2f2d43_fk_Services_` FOREIGN KEY (`main_service_id`) REFERENCES `services_mainservice` (`id`)
) ENGINE=InnoDB AUTO_INCREMENT=24 DEFAULT CHARSET=utf8mb4 COLLATE=utf8mb4_0900_ai_ci;
/*!40101 SET character_set_client = @saved_cs_client */;

--
-- Dumping data for table `services_service`
--

LOCK TABLES `services_service` WRITE;
/*!40000 ALTER TABLE `services_service` DISABLE KEYS */;
INSERT INTO `services_service` VALUES (1,'1С:Предприятие 8. Управление торговлей для Кыргызстана, Электронная поставка','1s-predpriiatie-8-upravlenie-torgovlei-dlia-kyrgyzstana-elektronnaia-postavka','Бизнес процессы, которые можно автоматизировать:\r\n\r\nПрикладное решение «Управление торговлей 11» по умолчанию позволяет автоматизировать следующие участки работы торговой компании:\r\n\r\n· Управление отношениями с клиентами;\r\n\r\n· Управление правилами продаж;\r\n\r\n· Управление процессами продаж;\r\n\r\n· Управление торговыми представителями;\r\n\r\n· Управление запасами;\r\n\r\n· Управление закупками;\r\n\r\n· Управление складом;\r\n\r\n· Управление доставкой товаров;\r\n\r\n· Управление финансами;\r\n\r\n· Контроль и анализ целевых показателей деятельности предприятия.\r\n\r\nВ программе могут регистрироваться как уже совершенные, так и еще только планируемые хозяйственные операции. \"1С: Управление торговлей 8\" автоматизирует оформление практически всех первичных документов торгового и складского учета, а также документов движения денежных средств.\r\n\r\nПрограмма «1С: Управление торговлей 11» рассчитана на любые виды торговых операций. Реализованы функции учета – от ведения справочников и ввода первичных документов до получения различных аналитических отчетов.\r\n\r\nРешение позволяет вести управленческий учет по торговому предприятию в целом. Для предприятия холдинговой структуры документы могут оформляться от имени нескольких организаций, входящих в холдинг.\r\n\r\nАрхитектура решения.\r\n\r\nНи для кого не секрет, что с каждым годом программы, с которыми мы работаем, изменяются. Это вызвано тем, что на рынке появляются все новые и новые технологии. Некоторые из них приживаются, некоторые уходят с рынка и заменяются другими.\r\n\r\nВ решении Управление торговлей 11 заложено множество новых технологий, использование которых можно начать уже после установки конфигурации, без каких либо доработок программы.\r\n\r\nРабота через Интернет – Управление торговлей 11 может работать без установки на компьютер через специальную программу Интернет браузер: Explorer, Google, Chrome и прочее.\r\n\r\nЭто дает вам возможность оперативно контролировать работу компании, в случае необходимости добавлять новые рабочие места, в общем, намного быстрее реагировать на изменение ситуации.\r\n\r\nМногоплатформенность - это способность системы работать под управлением различных операционных систем. Основные компоненты системы могут работать как под управлением операционной системы Windows, так и под управлением операционной системы Linux. Кроме этого клиентская часть 1С:Предприятия может быть запущена и на компьютерах с операционными системами Mac OS X и Apple iOS.\r\n\r\nРабота на мобильных устройствах - решение Управление торговлей 11 может быть запущено с мобильных устройств, планшетов, смартфонов. Данная возможность позволяет организовывать работу подразделений торговых представителей.\r\n\r\nДоступ внешних партнеров к базе - в Управлении торговлей 11 появилась следующая уникальная возможность, а именно, теперь по вашему желанию конфигурация позволяет давать доступ в информационную базу вашим партнерам. Само собой возможности по работе с базой у них будут максимально ограничены. Но, используя этот механизм, вы получите возможность организовать для ваших партнеров аналог Личного кабинета на сайте, где партнер сможет сделать заказ, просмотреть историю своих заявок, статусы выполнения и отгрузки, написать сообщение менеджеру.\r\n\r\nРазделение прав сотрудников - зачастую в компании появляется необходимость в разделении зон ответственности сотрудников по набору каких-либо признаков, например менеджер региона 1 не должен видеть состояния взаиморасчетов и клиентскую базу других сотрудников работающих с другими регионами, либо часть юр лиц доступна одной группе сотрудников, а часть другой. Все эти правила можно легко реализовать во внедряемом решении Управление торговлей 11. Что позволит серьезно увеличить безопасность клиентской базы и коммерческой тайны.\r\n\r\nУлучшение интерфейсов - зачастую перед работодателем стоит проблема максимально быстрой адаптации нового сотрудника. Данную проблему наряду с прочими методами помогает решить Управление торговлей 11. В системе реализована концепция динамически настраиваемого рабочего пространства пользователя и интерактивная справочная система. Как это работает: штатные настройки позволяют сделать из общего интерфейса программы отдельные рабочие места, где сотруднику будут доступны только те функции (документы, отчеты, справочники) которые непосредственно нужны в его работе.\r\n\r\nВозможности учета и анализа.\r\n\r\nВсе выше перечисленные возможности программы хороши сами по себе, но теряют свой вес без хорошо продуманной модели учета, а именно эта модель и реализована в программе. Решение является масштабируемым и позволяет настраивать работу поэтапно. Приведем пример, в компании есть должность кладовщика, который работает только со складскими документами, причем без использования механизма адресного хранения и ордерной схемы. Принимая в расчет эти параметры, и используя штатные настройки в результате, мы получаем рабочее место, где для кладовщика будут доступны только складские акты, перечень складов, документы, отражающие операции комплектации, если это необходимо и отчеты по товародвижению.\r\n\r\nРазработчики еще более упростили процесс работы в программе, например если при учете используется одна организация и/или одна валюта, то пользователь задает их один раз и в дальнейшем эти значения выбираются везде по умолчанию.\r\n\r\nСогласование - штатные механизмы конфигурации позволяют проводить процедуру согласования различных документов информационной системы: Заказов поставщикам и покупателям, цен прайс листа, условий сделки. Все эти дополнительные механизмы контроля значительно улучшают дисциплину и делают повседневную работу более структурированной и упорядоченной.\r\n\r\nВзаимоотношения с партнерами - модель работы Управления торговлей 11 позволяет максимально детализировано построить взаимоотношения с клиентами и поставщиками.\r\n\r\nДля этого в информационной системе предусмотрен достаточно большой набор инструментов. В конфигурации предусмотрен встроенный блок, он позволяет отслеживать все контакты с партнером, строить и планировать этапы взаимодействия и многое другое.\r\n\r\nЕще одной замечательной возможностью является деление контрагентов на Партнеров и Контрагентов. Такое деление позволяет гибко настраивать систему взаимоотношений между компанией и клиентами.\r\n\r\nРабота с торговыми оборудованиями.\r\n\r\nКонфигурация поддерживает взаимодействие со следующими категориями торгового оборудования:\r\n\r\nØ Кассовые аппараты. По способу взаимодействия (режиму) с системой делятся на три категории:\r\n\r\n· Режим \"Off-Line\";\r\n\r\n· Режим \"On-Line\";\r\n\r\n· Режим \"Фискальный регистратор\".\r\n\r\nØ Сканеры штрихкодов\r\n\r\nØ Дисплеи покупателя\r\n\r\nØ Электронные весы. По способу подключения к системе электронные весы делятся на две категории:\r\n\r\n· Режим \"Off-Line\";\r\n\r\n· Режим \"On-Line\";\r\n\r\nØ Терминалы сбора данных\r\n\r\nØ Считыватели RFID-меток\r\n\r\nØ Устройства для считывания магнитных карт\r\n\r\nАналитика и отчетность – системе Управление торговлей 11 реализованы большие возможности по построению разнообразной аналитической отчетности. Все отчеты в системе сделаны на так называемом механизме схеме компоновки данных, это позволяет пользователям самостоятельно настраивать отчетность в соответствии со своими требованиями.\r\n\r\nПриведем пример, типовой отчет движение товаров на складах показывает нам остатки на начало и конец периода, а так же информацию о прибытии и убытии товаров на склад. С помощью инструментов реализованных в программе мы можем дополнить выводимые данные группировками по периодам и/или дополнительными полями и это без привлечения программиста и доработки конфигурации.\r\n\r\nНа данный момент конфигурация Управление торговлей 11 сочетает в себе хорошо отлаженные механизмы и новшества современных технологий. Как учетная система она развивается согласно потребностям, как малого, так и крупного бизнеса.',28000.00,NULL,1,1),(2,'1С:Бухгалтерия 8 для Кыргызстана. Учебная версия. Электронная поставка','1s-bukhgalteriia-8-dlia-kyrgyzstana-uchebnaia-versiia-elektronnaia-postavka','«1С:Бухгалтерия 8. Учебная версия» предназначена для освоения программы «1С:Бухгалтерия 8» и обучения ведению компьютеризированного бухгалтерского учета в системе «1С:Предприятие 8».\r\n\r\nПродукт позволяет изучить возможности ведения бухгалтерского учета, заложенные в программе «1С:Бухгалтерия 8», от ввода первичных документов и бухгалтерских операций до получения аналитических отчетов и подготовки бухгалтерской отчетности, а также быстро приобрести навыки работы с системой программ «1С:Предприятие 8».\r\n\r\nОГРАНИЧЕНИЯ И ОСОБЕННОСТИ УЧЕБНОЙ ВЕРСИИ \"1С:БУХГАЛТЕРИИ 8\"\r\n\r\n\"1С:Бухгалтерия 8. Учебная версия\" – это программа для обучения ведению бухгалтерского и налогового учета и подготовки регламентированной отчетности. По сравнению с коммерческими версиями она имеет ряд ограничений:\r\n\r\nограничено количество данных в документах, справочниках, планах счетов, планах видов характеристик и других объектных таблицах;\r\nограничено количество записей в табличных частях и наборах записей;\r\nпечатные формы документов и отчеты можно посмотреть только на экране компьютера (печать и сохранение табличных документов в режиме \"1С:Предприятие\" не поддерживаются);\r\nодновременно с одной информационной базой может работать только один пользователь;\r\nне поддерживается работа с сервером \"1С:Предприятия 8;\r\nне поддерживается работа распределенных информационных баз;\r\nне поддерживается работа в режиме внешнего соединения;\r\nне поддерживается работа через Интернет;\r\nотсутствует возможность использования паролей и Windows-аутентификации для пользователей.\r\n\"1С:Бухгалтерия 8. Учебная версия\" не имеет аппаратной или программной защиты, однако ее быстродействие снижено по сравнению с коммерческой версией программы \"1С:Бухгалтерия 8\".\r\n\r\n\"1С:Бухгалтерия 8. Учебная версия\" не может использоваться для автоматизации реальных предприятий.',1000.00,NULL,1,1),(3,'1С:Бухгалтерия 8 для Кыргызстана. Базовая версия. Электронная поставка','1s-bukhgalteriia-8-dlia-kyrgyzstana-bazovaia-versiia-elektronnaia-postavka','«1С:Бухгалтерия 8 для Кыргызстана. Базовая версия» - продукт, предназначенный для автоматизации бухгалтерского и налогового учета и подготовки регламентированной отчетности на небольшом предприятии, на котором в программе работает один бухгалтер, и не требуется адаптации типового решения к особенностям учета предприятия.  Содержит полный функционал типового решения, но имеет небольшие ограничения возможностей платформы (по сравнению с версией ПРОФ):одновременно с одной информационной базой может работать только один пользователь;\r\nне поддерживается ведение учета нескольких организаций в одной информационной базе, но есть возможность вести учет нескольких организаций в отдельных информационных базах;\r\nне поддерживается изменение конфигурации, можно применять только типовую конфигурацию и устанавливать ее обновления;\r\nне поддерживается работа в варианте клиент-сервер;\r\nне поддерживается работа распределенных информационных баз;\r\nне поддерживается COM-соединение и automation-сервер.\r\n1С:Бухгалтерия 8 для Кыргызстана предназначена для автоматизации бухгалтерского и налогового учета на предприятиях Кыргызской Республики, в соответствии с действующим законодательством, а также для подготовки форм обязательной (регламентированной) отчетности в организациях, осуществляющих любые виды коммерческой деятельности: оптовую и розничную торговлю, оказание услуг, производство и т.д.Программный продукт реализован на технологической платформе «1С:Предприятие 8».\r\n\r\n«Бухгалтерия для Кыргызстана» выпускается в двух версиях:1С:Бухгалтерия 8 для Кыргызстана. Базовая версия - для небольшого предприятия, на котором в программе работает один бухгалтер и не требуется изменения типового решения под специфику учета предприятия;\r\n1С:Бухгалтерия 8 для Кыргызстана. ПРОФ - рекомендуется при работе в программе нескольких пользователей, а также при возможности изменения типовой конфигурации под специфику учета конкретного предприятия.\r\nДля изучения и освоения возможностей конфигурации «Бухгалтерия для Кыргызстана» предназначена Учебная версия программы.«1С:Бухгалтерия 8 для Кыргызстана» позволяет вести бухгалтерский и налоговый учет хозяйственной деятельности нескольких организаций. При этом, для каждой организации можно завести как отдельную информационную базу, так и в общей информационной базе отражать учет нескольких организаций.  Кроме того для каждой из организаций вы можете назначить свою учетную политику (в области бухгалтерского и налогового учета). Возможность ведения учета нескольких организаций полезна для предприятий, хозяйственная деятельность которых тесно связана между собой, и которые используют общие списки товаров, статей затрат, клиентов и др.\r\n\r\nФункциональные возможности программы \"1С:Бухгалтерия 8 для Кыргызстана\"\"1С:Бухгалтерия 8 для Кыргызстана\" – универсальная программа массового назначения для автоматизации бухгалтерского и налогового учета. В основе программы лежит гибкая технологическая платформа системы \"1С:Предприятие 8\", возможности которой позволяют создавать и модифицировать самые разнообразные бизнес-приложения. В комплект поставки программного продукта входит прикладное решение - конфигурация \"Бухгалтерия для Кыргызстана\".\r\n\r\n\"1С:Бухгалтерия 8 для Кыргызстана\" предназначена для ведения бухгалтерского и налогового учета, а также для подготовки форм обязательной (регламентированной) отчетности в организациях, осуществляющих любые виды коммерческой деятельности: оптовую и розничную торговлю, оказание услуг, производство и т.д.\r\n\r\nБухгалтерский и налоговый учет реализованы в соответствии с действующим законодательством Кыргызской Республики.\r\n\r\nВедение учета деятельности нескольких организацийС помощью \"1С:Бухгалтерии 8 для Кыргызстана\" можно вести бухгалтерский и налоговый учет хозяйственной деятельности нескольких организаций. Учет по каждой организации можно вести в отдельной информационной базе. В то же время \"1С:Бухгалтерия 8 для Кыргызстана\" предоставляет возможность ведения бухгалтерского и налогового учета нескольких организаций в общей информационной базе (причем в роли отдельных организаций могут выступать индивидуальные предприниматели). Это удобно, если хозяйственная деятельность этих организаций тесно связана между собой: можно использовать общие списки товаров, контрагентов (деловых партнеров), работников, складов (мест хранения) и т.д., а обязательную отчетность формировать раздельно.\r\n\r\nУчет товарно-материальных запасов Для организации учета ТМЗ поддерживаются следующие способы оценки материально-производственных запасов при их выбытии:по средней себестоимости;\r\nпо себестоимости первых по времени приобретения материально-производственных запасов (способ ФИФО).\r\nДля поддержки способа оценки ФИФО на счетах учета товарно-материальных запасов ведется партионный учет. Для разных счетов учета ТМЗ могут применяться различные способы оценки себестоимости (согласно МСБУ 2).\r\n\r\nСкладской учетПо складам может вестись количественный или количественно-суммовой учет. В первом случае оценка товаров и материалов не зависит от того, с какого склада они получены. Складской учет может быть отключен, если в нем нет необходимости.\r\n\r\nВ \"1С:Бухгалтерии 8 для Кыргызстана\" регистрируются данные инвентаризации, которые автоматически сверяются с данными учета. На основании инвентаризации отражается выявление излишков и списание недостач.\r\n\r\nУчет торговых операцийАвтоматизирован учет операций поступления и реализации товаров и услуг. При продаже товаров выписываются счета на оплату, оформляются накладные и счета-фактуры. Все операции по оптовой торговле учитываются в разрезе договоров с покупателями и поставщиками.\r\n\r\nАвтоматизировано отражение возвратов товаров от покупателя и поставщику.\r\n\r\nВ \"1С:Бухгалтерии 8 для Кыргызстана\" поддерживается использование нескольких типов цен, например: \"оптовая\", \"мелкооптовая\", \"розничная\", \"закупочная\" и т.п. Это упрощает отражение операций поступления и реализации.\r\n\r\nУчет банковских и кассовых операцийРеализован учет движения наличных и безналичных денежных средств и валютных операций. Поддерживается ввод и печать платежных поручений, приходных и расходных кассовых ордеров. Автоматизированы операции по расчетам с поставщиками, покупателями и подотчетными лицами, внесение наличных на расчетный счет и получение наличных по денежному чеку, приобретение и продажи иностранной валюты. При отражении операций суммы платежей автоматически разбиваются на аванс и оплату. На основании кассовых документов формируется кассовая книга установленного образца.\r\n\r\nУчет расчетов с контрагентамиУчет расчетов с поставщиками и покупателями можно вести в сомах, условных единицах и иностранной валюте. Курсовые и суммовые разницы по каждой операции рассчитываются автоматически. Расчеты с контрагентами можно вести по договору в целом или с указанием конкретных документов расчетов. Способ ведения расчетов определяется отдельно для каждого договора. При оформлении документов поступления и реализации можно использовать как общие цены для всех контрагентов, так и индивидуальные для конкретного договора.\r\n\r\nУчет основных средств и нематериальных активовАвтоматизированы все основные операции по учету: поступление, принятие к учету, начисление амортизации, передача, списание, инвентаризация. Возможно распределение сумм начисленной амортизации за месяц между несколькими счетами или объектами аналитического учета. Для основных средств, использующихся сезонно, возможно применение графиков начисления амортизации.\r\n\r\nУчет основного и вспомогательного производстваАвтоматизированы расчет себестоимости продукции и услуг, выпускаемых основным и вспомогательным производством, учет переработки давальческого сырья. В течение месяца учет выпущенной готовой продукции ведется по плановой себестоимости. В конце месяца рассчитывается фактическая себестоимость выпущенной продукции и оказанных услуг.\r\n\r\nУчет полуфабрикатовДля сложных технологических процессов, предполагающих промежуточные стадии с выпуском полуфабрикатов, поддерживается складской учет полуфабрикатов и автоматический расчет их себестоимости.\r\n\r\nУчет косвенных расходов При списании косвенных расходов возможно применение различных методов распределения по номенклатурным группам продукции (услуг). Для косвенных расходов возможны следующие базы распределения:объем выпуска;\r\nплановая себестоимость;\r\nоплата труда;\r\nматериальные затраты.\r\nУчет заработной платы и кадровый учетВ \"1С:Бухгалтерии 8 для Кыргызстана\" ведется учет движения персонала. Обеспечивается формирование унифицированных форм по трудовому законодательству.\r\n\r\nАвтоматизированы:начисление зарплаты работникам предприятия с возможностью указать способ отражения в учете отдельно для каждого вида начисления;\r\nведение взаиморасчетов с работниками вплоть до выплаты зарплаты;\r\nоперации с депонированной заработной платой;\r\nрасчеты по исполнительным листам;\r\nисчисление регламентированных законодательством налогов и взносов, облагаемой базой которых служит заработная плата работников организаций;\r\nформирование необходимой регламентированной отчетности (форм налоговой отчетности).\r\nУчет НДСАвтоматизирован учет налога на добавленную стоимость, уплаченного поставщикам и подрядчикам, в том числе по операциям, в которых НДС не разрешен к зачету и включается в стоимость приобретаемых товаров, работ, услуг. Автоматизирован учет начисленного НДС.\r\n\r\nДля целей учета НДС поддерживается пропорциональный метод определения налога, принимаемого к зачету.\r\n\r\nАвтоматизировано заполнение формы \"Реестр счетов-фактур по товарам (работам, услугам), приобретенным в течение налогового периода (отчетного квартала)\".\r\n\r\nНалоговый учет (по налогу на прибыль)В конфигурации поддерживается общеустановленный порядок налогообложения.\r\n\r\nДля ведения налогового учета (по налогу на прибыль) в конфигурации добавлен специальный (налоговый) план счетов. Это упрощает сопоставление данных бухгалтерского и налогового учета для определения постоянных и временных разниц и расчета налога на прибыль. По данным налогового учета автоматически формируются налоговые регистры и подготавливаются данные для заполнения налоговой декларации по налогу на прибыль.\r\n\r\nЗавершающие операции месяцаАвтоматизированы регламентные операции, выполняемые по окончании месяца, в том числе переоценка валюты, списание расходов будущих периодов, начисление амортизации, определение финансовых результатов и другие.\r\n\r\nСтандартные бухгалтерские отчетыВ конфигурацию \"Бухгалтерия предприятия\" включен набор стандартных отчетов, предназначенных для анализа данных по остаткам и оборотам счетов и проводкам в самых различных разрезах. В их числе оборотно-сальдовая ведомость, шахматная ведомость, оборотно-сальдовая ведомость по счету, обороты счета, карточка счета, анализ счета, анализ субконто.\r\n\r\nРегламентированная отчетностьВ состав конфигурации включен полный набор необходимых бухгалтеру отчетов: финансовых, статистических, налоговых.\r\n\r\nЭргономичный пользовательский интерфейсНовый современный дизайн интерфейса обеспечивает легкость освоения \"1С:Бухгалтерии 8 для Кыргызстана\" для начинающих и высокую скорость работы для опытных пользователей:\r\n\r\nзначительное ускорение массового ввода информации благодаря функции \"ввод по строке\" и эффективному использованию клавиатуры;\r\nудобные средства работы с большими динамическими списками, управление видимостью и порядком колонок, настройка отбора и сортировки;\r\nмаксимальное использование доступного пространства экрана для отображения информации;\r\nмеханизм стилей оформления\r\nКонфигурированиеТиповая конфигурация \"Бухгалтерия предприятия\" реализует наиболее общие схемы учета и может использоваться в большинстве организаций. Для отражения специфики учета конкретной организации типовую конфигурацию можно изменить. \"1С:Бухгалтерия 8\" имеет режим запуска \"Конфигуратор\", который обеспечивает:\r\n\r\nнастройку системы на различные виды учета;\r\nреализацию любой методологии учета;\r\nорганизацию любых справочников и документов произвольной структуры;\r\nнастройку внешнего вида форм ввода информации;\r\nнастройку поведения и алгоритмов работы системы в различных ситуациях с помощью встроенного языка;\r\nширокие оформительские возможности создания печатных форм документов и отчетов с использованием различных шрифтов, рамок, цветов, рисунков;\r\nвозможность наглядного представления информации в виде диаграмм;\r\nбыстрое изменение конфигурации с помощью визуальных средств разработки.\r\nМасштабируемостьСистема 1С:Предприятие 8 обеспечивает масштабируемость прикладных решений, начиная от самых простых до самых многофункциональных. \"1С:Бухгалтерия 8\" может использоваться в следующих вариантах:\r\n\r\nоднопользовательский - для небольших организаций или персонального использования;\r\nфайловый - для многопользовательской работы, обеспечивающий простоту установки и эксплуатации;\r\nклиент-серверный вариант работы на основе трехуровневой архитектуры, обеспечивающий надежное хранение и эффективную обработку данных при одновременной работе большого количества пользователей.\r\nРабота с территориально-распределенными информационными базаминеограниченное количество автономно работающих информационных баз;\r\nполная или частичная синхронизация данных;\r\nпроизвольный порядок и способ передачи изменений.\r\nАдминистрирование\"1С:Бухгалтерия 8\" предоставляет удобные инструменты для администрирования:\r\n\r\nнастройку прав доступа пользователей на основе механизма ролей, назначение интерфейса и языка пользователя;\r\nжурнал регистрации действий пользователей и системных событий;\r\nвозможность выгрузки и загрузки информационной базы;\r\nсредства установки и обновления платформы и прикладных решений.\r\nПереход на «1С:Бухгалтерию 8 для Кыргызстана» пользователей предыдущих версий программных продуктов\r\n\r\nЕсли на момент приобретения «1С:Бухгалтерии 8 для Кыргызстана» учет на вашем предприятии уже был автоматизирован с помощью лицензионных продуктов «1С:Предприятие 7.7» - вы можете приобрести «1С:Бухгалтерию 8 для Кыргызстана» на условиях апгрейда (т.е. приобрести новый программный продукт по льготной цене).\r\n\r\nЦена апгрейда составит: стоимость приобретаемого продукта минус стоимость сдаваемого продукта плюс 250 сом. но не менее половины стоимости приобретаемого продукта.\r\n\r\nЕсли кроме «1С:Предприятие 8. Бухгалтерия для Кыргызстана» приобретаются дополнительные многопользовательские лицензии, - то стоимость апгрейда рассчитывается исходя из суммарной стоимости приобретаемого набора продуктов, то есть скидка делается не на один продукт, а на весь приобретаемый набор.\r\n\r\nДля выполнения апгрейда необходимо вернуть в фирму «1С» регистрационную анкету на сдаваемый программный продукт. Дистрибутивы, книги и ключи защиты останутся у вас для завершения ведения учета в старой программе и перевода информационных баз в «1С:Бухгалтерию 8 для Кыргызстана».',8000.00,NULL,5,1),(4,'1С:Предприятие 8. Бухгалтерия для Кыргызстана ПРОФ (USB)','1s-predpriiatie-8-bukhgalteriia-dlia-kyrgyzstana-prof-usb','1С:Бухгалтерия 8 для Кыргызстана предназначена для автоматизации бухгалтерского и налогового учета на предприятиях Кыргызской Республики, в соответствии с действующим законодательством, а также для подготовки форм обязательной (регламентированной) отчетности в организациях, осуществляющих любые виды коммерческой деятельности: оптовую и розничную торговлю, оказание услуг, производство и т.д.Программный продукт реализован на технологической платформе «1С:Предприятие 8».\r\n\r\n«Бухгалтерия для Кыргызстана» выпускается в двух версиях:1С:Бухгалтерия 8 для Кыргызстана. Базовая версия - для небольшого предприятия, на котором в программе работает один бухгалтер и не требуется изменения типового решения под специфику учета предприятия;\r\n1С:Бухгалтерия 8 для Кыргызстана. ПРОФ - рекомендуется при работе в программе нескольких пользователей, а также при возможности изменения типовой конфигурации под специфику учета конкретного предприятия.\r\nДля изучения и освоения возможностей конфигурации «Бухгалтерия для Кыргызстана» предназначена Учебная версия программы.«1С:Бухгалтерия 8 для Кыргызстана» позволяет вести бухгалтерский и налоговый учет хозяйственной деятельности нескольких организаций. При этом, для каждой организации можно завести как отдельную информационную базу, так и в общей информационной базе отражать учет нескольких организаций.  Кроме того для каждой из организаций вы можете назначить свою учетную политику (в области бухгалтерского и налогового учета). Возможность ведения учета нескольких организаций полезна для предприятий, хозяйственная деятельность которых тесно связана между собой, и которые используют общие списки товаров, статей затрат, клиентов и др.\r\n\r\nФункциональные возможности программы \"1С:Бухгалтерия 8 для Кыргызстана\"\"1С:Бухгалтерия 8 для Кыргызстана\" – универсальная программа массового назначения для автоматизации бухгалтерского и налогового учета. В основе программы лежит гибкая технологическая платформа системы \"1С:Предприятие 8\", возможности которой позволяют создавать и модифицировать самые разнообразные бизнес-приложения. В комплект поставки программного продукта входит прикладное решение - конфигурация \"Бухгалтерия для Кыргызстана\".\r\n\r\n\"1С:Бухгалтерия 8 для Кыргызстана\" предназначена для ведения бухгалтерского и налогового учета, а также для подготовки форм обязательной (регламентированной) отчетности в организациях, осуществляющих любые виды коммерческой деятельности: оптовую и розничную торговлю, оказание услуг, производство и т.д.\r\n\r\nБухгалтерский и налоговый учет реализованы в соответствии с действующим законодательством Кыргызской Республики.\r\n\r\nВедение учета деятельности нескольких организацийС помощью \"1С:Бухгалтерии 8 для Кыргызстана\" можно вести бухгалтерский и налоговый учет хозяйственной деятельности нескольких организаций. Учет по каждой организации можно вести в отдельной информационной базе. В то же время \"1С:Бухгалтерия 8 для Кыргызстана\" предоставляет возможность ведения бухгалтерского и налогового учета нескольких организаций в общей информационной базе (причем в роли отдельных организаций могут выступать индивидуальные предприниматели). Это удобно, если хозяйственная деятельность этих организаций тесно связана между собой: можно использовать общие списки товаров, контрагентов (деловых партнеров), работников, складов (мест хранения) и т.д., а обязательную отчетность формировать раздельно.\r\n\r\nУчет товарно-материальных запасов Для организации учета ТМЗ поддерживаются следующие способы оценки материально-производственных запасов при их выбытии:по средней себестоимости;\r\nпо себестоимости первых по времени приобретения материально-производственных запасов (способ ФИФО).\r\nДля поддержки способа оценки ФИФО на счетах учета товарно-материальных запасов ведется партионный учет. Для разных счетов учета ТМЗ могут применяться различные способы оценки себестоимости (согласно МСБУ 2).\r\n\r\nСкладской учетПо складам может вестись количественный или количественно-суммовой учет. В первом случае оценка товаров и материалов не зависит от того, с какого склада они получены. Складской учет может быть отключен, если в нем нет необходимости.\r\n\r\nВ \"1С:Бухгалтерии 8 для Кыргызстана\" регистрируются данные инвентаризации, которые автоматически сверяются с данными учета. На основании инвентаризации отражается выявление излишков и списание недостач.\r\n\r\nУчет торговых операцийАвтоматизирован учет операций поступления и реализации товаров и услуг. При продаже товаров выписываются счета на оплату, оформляются накладные и счета-фактуры. Все операции по оптовой торговле учитываются в разрезе договоров с покупателями и поставщиками.\r\n\r\nАвтоматизировано отражение возвратов товаров от покупателя и поставщику.\r\n\r\nВ \"1С:Бухгалтерии 8 для Кыргызстана\" поддерживается использование нескольких типов цен, например: \"оптовая\", \"мелкооптовая\", \"розничная\", \"закупочная\" и т.п. Это упрощает отражение операций поступления и реализации.\r\n\r\nУчет банковских и кассовых операцийРеализован учет движения наличных и безналичных денежных средств и валютных операций. Поддерживается ввод и печать платежных поручений, приходных и расходных кассовых ордеров. Автоматизированы операции по расчетам с поставщиками, покупателями и подотчетными лицами, внесение наличных на расчетный счет и получение наличных по денежному чеку, приобретение и продажи иностранной валюты. При отражении операций суммы платежей автоматически разбиваются на аванс и оплату. На основании кассовых документов формируется кассовая книга установленного образца.\r\n\r\nУчет расчетов с контрагентамиУчет расчетов с поставщиками и покупателями можно вести в сомах, условных единицах и иностранной валюте. Курсовые и суммовые разницы по каждой операции рассчитываются автоматически. Расчеты с контрагентами можно вести по договору в целом или с указанием конкретных документов расчетов. Способ ведения расчетов определяется отдельно для каждого договора. При оформлении документов поступления и реализации можно использовать как общие цены для всех контрагентов, так и индивидуальные для конкретного договора.\r\n\r\nУчет основных средств и нематериальных активовАвтоматизированы все основные операции по учету: поступление, принятие к учету, начисление амортизации, передача, списание, инвентаризация. Возможно распределение сумм начисленной амортизации за месяц между несколькими счетами или объектами аналитического учета. Для основных средств, использующихся сезонно, возможно применение графиков начисления амортизации.\r\n\r\nУчет основного и вспомогательного производстваАвтоматизированы расчет себестоимости продукции и услуг, выпускаемых основным и вспомогательным производством, учет переработки давальческого сырья. В течение месяца учет выпущенной готовой продукции ведется по плановой себестоимости. В конце месяца рассчитывается фактическая себестоимость выпущенной продукции и оказанных услуг.\r\n\r\nУчет полуфабрикатовДля сложных технологических процессов, предполагающих промежуточные стадии с выпуском полуфабрикатов, поддерживается складской учет полуфабрикатов и автоматический расчет их себестоимости.\r\n\r\nУчет косвенных расходов При списании косвенных расходов возможно применение различных методов распределения по номенклатурным группам продукции (услуг). Для косвенных расходов возможны следующие базы распределения:объем выпуска;\r\nплановая себестоимость;\r\nоплата труда;\r\nматериальные затраты.\r\nУчет заработной платы и кадровый учетВ \"1С:Бухгалтерии 8 для Кыргызстана\" ведется учет движения персонала. Обеспечивается формирование унифицированных форм по трудовому законодательству.\r\n\r\nАвтоматизированы:начисление зарплаты работникам предприятия с возможностью указать способ отражения в учете отдельно для каждого вида начисления;\r\nведение взаиморасчетов с работниками вплоть до выплаты зарплаты;\r\nоперации с депонированной заработной платой;\r\nрасчеты по исполнительным листам;\r\nисчисление регламентированных законодательством налогов и взносов, облагаемой базой которых служит заработная плата работников организаций;\r\nформирование необходимой регламентированной отчетности (форм налоговой отчетности).\r\nУчет НДСАвтоматизирован учет налога на добавленную стоимость, уплаченного поставщикам и подрядчикам, в том числе по операциям, в которых НДС не разрешен к зачету и включается в стоимость приобретаемых товаров, работ, услуг. Автоматизирован учет начисленного НДС.\r\n\r\nДля целей учета НДС поддерживается пропорциональный метод определения налога, принимаемого к зачету.\r\n\r\nАвтоматизировано заполнение формы \"Реестр счетов-фактур по товарам (работам, услугам), приобретенным в течение налогового периода (отчетного квартала)\".\r\n\r\nНалоговый учет (по налогу на прибыль)В конфигурации поддерживается общеустановленный порядок налогообложения.\r\n\r\nДля ведения налогового учета (по налогу на прибыль) в конфигурации добавлен специальный (налоговый) план счетов. Это упрощает сопоставление данных бухгалтерского и налогового учета для определения постоянных и временных разниц и расчета налога на прибыль. По данным налогового учета автоматически формируются налоговые регистры и подготавливаются данные для заполнения налоговой декларации по налогу на прибыль.\r\n\r\nЗавершающие операции месяцаАвтоматизированы регламентные операции, выполняемые по окончании месяца, в том числе переоценка валюты, списание расходов будущих периодов, начисление амортизации, определение финансовых результатов и другие.\r\n\r\nСтандартные бухгалтерские отчетыВ конфигурацию \"Бухгалтерия предприятия\" включен набор стандартных отчетов, предназначенных для анализа данных по остаткам и оборотам счетов и проводкам в самых различных разрезах. В их числе оборотно-сальдовая ведомость, шахматная ведомость, оборотно-сальдовая ведомость по счету, обороты счета, карточка счета, анализ счета, анализ субконто.\r\n\r\nРегламентированная отчетностьВ состав конфигурации включен полный набор необходимых бухгалтеру отчетов: финансовых, статистических, налоговых.\r\n\r\nЭргономичный пользовательский интерфейсНовый современный дизайн интерфейса обеспечивает легкость освоения \"1С:Бухгалтерии 8 для Кыргызстана\" для начинающих и высокую скорость работы для опытных пользователей:\r\n\r\nзначительное ускорение массового ввода информации благодаря функции \"ввод по строке\" и эффективному использованию клавиатуры;\r\nудобные средства работы с большими динамическими списками, управление видимостью и порядком колонок, настройка отбора и сортировки;\r\nмаксимальное использование доступного пространства экрана для отображения информации;\r\nмеханизм стилей оформления\r\nКонфигурированиеТиповая конфигурация \"Бухгалтерия предприятия\" реализует наиболее общие схемы учета и может использоваться в большинстве организаций. Для отражения специфики учета конкретной организации типовую конфигурацию можно изменить. \"1С:Бухгалтерия 8\" имеет режим запуска \"Конфигуратор\", который обеспечивает:\r\n\r\nнастройку системы на различные виды учета;\r\nреализацию любой методологии учета;\r\nорганизацию любых справочников и документов произвольной структуры;\r\nнастройку внешнего вида форм ввода информации;\r\nнастройку поведения и алгоритмов работы системы в различных ситуациях с помощью встроенного языка;\r\nширокие оформительские возможности создания печатных форм документов и отчетов с использованием различных шрифтов, рамок, цветов, рисунков;\r\nвозможность наглядного представления информации в виде диаграмм;\r\nбыстрое изменение конфигурации с помощью визуальных средств разработки.\r\nМасштабируемостьСистема 1С:Предприятие 8 обеспечивает масштабируемость прикладных решений, начиная от самых простых до самых многофункциональных. \"1С:Бухгалтерия 8\" может использоваться в следующих вариантах:\r\n\r\nоднопользовательский - для небольших организаций или персонального использования;\r\nфайловый - для многопользовательской работы, обеспечивающий простоту установки и эксплуатации;\r\nклиент-серверный вариант работы на основе трехуровневой архитектуры, обеспечивающий надежное хранение и эффективную обработку данных при одновременной работе большого количества пользователей.\r\nРабота с территориально-распределенными информационными базаминеограниченное количество автономно работающих информационных баз;\r\nполная или частичная синхронизация данных;\r\nпроизвольный порядок и способ передачи изменений.\r\nАдминистрирование\"1С:Бухгалтерия 8\" предоставляет удобные инструменты для администрирования:\r\n\r\nнастройку прав доступа пользователей на основе механизма ролей, назначение интерфейса и языка пользователя;\r\nжурнал регистрации действий пользователей и системных событий;\r\nвозможность выгрузки и загрузки информационной базы;\r\nсредства установки и обновления платформы и прикладных решений.\r\nПереход на «1С:Бухгалтерию 8 для Кыргызстана» пользователей предыдущих версий программных продуктов\r\n\r\nЕсли на момент приобретения «1С:Бухгалтерии 8 для Кыргызстана» учет на вашем предприятии уже был автоматизирован с помощью лицензионных продуктов «1С:Предприятие 7.7» - вы можете приобрести «1С:Бухгалтерию 8 для Кыргызстана» на условиях апгрейда (т.е. приобрести новый программный продукт по льготной цене).\r\n\r\nЦена апгрейда составит: стоимость приобретаемого продукта минус стоимость сдаваемого продукта плюс 250 сом. но не менее половины стоимости приобретаемого продукта.\r\n\r\nЕсли кроме «1С:Предприятие 8. Бухгалтерия для Кыргызстана» приобретаются дополнительные многопользовательские лицензии, - то стоимость апгрейда рассчитывается исходя из суммарной стоимости приобретаемого набора продуктов, то есть скидка делается не на один продукт, а на весь приобретаемый набор.\r\n\r\nДля выполнения апгрейда необходимо вернуть в фирму «1С» регистрационную анкету на сдаваемый программный продукт. Дистрибутивы, книги и ключи защиты останутся у вас для завершения ведения учета в старой программе и перевода информационных баз в «1С:Бухгалтерию 8 для Кыргызстана».\r\n\r\n«1С:Бухгалтерия 8 для Кыргызстана. Базовая версия» - продукт, предназначенный для автоматизации бухгалтерского и налогового учета и подготовки регламентированной отчетности на небольшом предприятии, на котором в программе работает один бухгалтер, и не требуется адаптации типового решения к особенностям учета предприятия.  Содержит полный функционал типового решения, но имеет небольшие ограничения возможностей платформы (по сравнению с версией ПРОФ):\r\n\r\nодновременно с одной информационной базой может работать только один пользователь;\r\nне поддерживается ведение учета нескольких организаций в одной информационной базе, но есть возможность вести учет нескольких организаций в отдельных информационных базах;\r\nне поддерживается изменение конфигурации, можно применять только типовую конфигурацию и устанавливать ее обновления;\r\nне поддерживается работа в варианте клиент-сервер;\r\nне поддерживается работа распределенных информационных баз;\r\nне поддерживается COM-соединение и automation-сервер.\r\nЭСФ\r\nДля взаимодействия с Информационной системой Электронных счетов-фактур (ИС ЭСФ) реализовано:\r\n\r\n- выгрузка/загрузка справочника «Номенклатура» в формате excel. Доступно в форме списка справочника «Номенклатура» и в форме обработки «Выгрузка справочных данных для ЭСФ».\r\n\r\n- выгрузка/загрузка справочника «Банковские счета» в формате excel. Доступно в форме обработки «Выгрузка справочных данных для ЭСФ». С помощью установки флажка «Выгружать только основные счета» можно выгрузить банковские счета покупателей, установленные основными в справочнике «Банковские счета».\r\n\r\n- выгрузка/загрузка файла ЭСФ в формате xml. Доступно в форме списка документа «Электронный СФ» и в «Мониторе ЭСФ» на закладке «Документы».',28000.00,NULL,5,1),(5,'1С:Предприятие 8. Бухгалтерия для Кыргызстана ПРОФ. Электронная поставка','1s-predpriiatie-8-bukhgalteriia-dlia-kyrgyzstana-prof-elektronnaia-postavka','1С:Бухгалтерия 8 для Кыргызстана предназначена для автоматизации бухгалтерского и налогового учета на предприятиях Кыргызской Республики, в соответствии с действующим законодательством, а также для подготовки форм обязательной (регламентированной) отчетности в организациях, осуществляющих любые виды коммерческой деятельности: оптовую и розничную торговлю, оказание услуг, производство и т.д.Программный продукт реализован на технологической платформе «1С:Предприятие 8».\r\n\r\n«Бухгалтерия для Кыргызстана» выпускается в двух версиях:1С:Бухгалтерия 8 для Кыргызстана. Базовая версия - для небольшого предприятия, на котором в программе работает один бухгалтер и не требуется изменения типового решения под специфику учета предприятия;\r\n1С:Бухгалтерия 8 для Кыргызстана. ПРОФ - рекомендуется при работе в программе нескольких пользователей, а также при возможности изменения типовой конфигурации под специфику учета конкретного предприятия.\r\nДля изучения и освоения возможностей конфигурации «Бухгалтерия для Кыргызстана» предназначена Учебная версия программы.«1С:Бухгалтерия 8 для Кыргызстана» позволяет вести бухгалтерский и налоговый учет хозяйственной деятельности нескольких организаций. При этом, для каждой организации можно завести как отдельную информационную базу, так и в общей информационной базе отражать учет нескольких организаций.  Кроме того для каждой из организаций вы можете назначить свою учетную политику (в области бухгалтерского и налогового учета). Возможность ведения учета нескольких организаций полезна для предприятий, хозяйственная деятельность которых тесно связана между собой, и которые используют общие списки товаров, статей затрат, клиентов и др.\r\n\r\nФункциональные возможности программы \"1С:Бухгалтерия 8 для Кыргызстана\"\"1С:Бухгалтерия 8 для Кыргызстана\" – универсальная программа массового назначения для автоматизации бухгалтерского и налогового учета. В основе программы лежит гибкая технологическая платформа системы \"1С:Предприятие 8\", возможности которой позволяют создавать и модифицировать самые разнообразные бизнес-приложения. В комплект поставки программного продукта входит прикладное решение - конфигурация \"Бухгалтерия для Кыргызстана\".\r\n\r\n\"1С:Бухгалтерия 8 для Кыргызстана\" предназначена для ведения бухгалтерского и налогового учета, а также для подготовки форм обязательной (регламентированной) отчетности в организациях, осуществляющих любые виды коммерческой деятельности: оптовую и розничную торговлю, оказание услуг, производство и т.д.\r\n\r\nБухгалтерский и налоговый учет реализованы в соответствии с действующим законодательством Кыргызской Республики.\r\n\r\nВедение учета деятельности нескольких организацийС помощью \"1С:Бухгалтерии 8 для Кыргызстана\" можно вести бухгалтерский и налоговый учет хозяйственной деятельности нескольких организаций. Учет по каждой организации можно вести в отдельной информационной базе. В то же время \"1С:Бухгалтерия 8 для Кыргызстана\" предоставляет возможность ведения бухгалтерского и налогового учета нескольких организаций в общей информационной базе (причем в роли отдельных организаций могут выступать индивидуальные предприниматели). Это удобно, если хозяйственная деятельность этих организаций тесно связана между собой: можно использовать общие списки товаров, контрагентов (деловых партнеров), работников, складов (мест хранения) и т.д., а обязательную отчетность формировать раздельно.\r\n\r\nУчет товарно-материальных запасов Для организации учета ТМЗ поддерживаются следующие способы оценки материально-производственных запасов при их выбытии:по средней себестоимости;\r\nпо себестоимости первых по времени приобретения материально-производственных запасов (способ ФИФО).\r\nДля поддержки способа оценки ФИФО на счетах учета товарно-материальных запасов ведется партионный учет. Для разных счетов учета ТМЗ могут применяться различные способы оценки себестоимости (согласно МСБУ 2).\r\n\r\nСкладской учетПо складам может вестись количественный или количественно-суммовой учет. В первом случае оценка товаров и материалов не зависит от того, с какого склада они получены. Складской учет может быть отключен, если в нем нет необходимости.\r\n\r\nВ \"1С:Бухгалтерии 8 для Кыргызстана\" регистрируются данные инвентаризации, которые автоматически сверяются с данными учета. На основании инвентаризации отражается выявление излишков и списание недостач.\r\n\r\nУчет торговых операцийАвтоматизирован учет операций поступления и реализации товаров и услуг. При продаже товаров выписываются счета на оплату, оформляются накладные и счета-фактуры. Все операции по оптовой торговле учитываются в разрезе договоров с покупателями и поставщиками.\r\n\r\nАвтоматизировано отражение возвратов товаров от покупателя и поставщику.\r\n\r\nВ \"1С:Бухгалтерии 8 для Кыргызстана\" поддерживается использование нескольких типов цен, например: \"оптовая\", \"мелкооптовая\", \"розничная\", \"закупочная\" и т.п. Это упрощает отражение операций поступления и реализации.\r\n\r\nУчет банковских и кассовых операцийРеализован учет движения наличных и безналичных денежных средств и валютных операций. Поддерживается ввод и печать платежных поручений, приходных и расходных кассовых ордеров. Автоматизированы операции по расчетам с поставщиками, покупателями и подотчетными лицами, внесение наличных на расчетный счет и получение наличных по денежному чеку, приобретение и продажи иностранной валюты. При отражении операций суммы платежей автоматически разбиваются на аванс и оплату. На основании кассовых документов формируется кассовая книга установленного образца.\r\n\r\nУчет расчетов с контрагентамиУчет расчетов с поставщиками и покупателями можно вести в сомах, условных единицах и иностранной валюте. Курсовые и суммовые разницы по каждой операции рассчитываются автоматически. Расчеты с контрагентами можно вести по договору в целом или с указанием конкретных документов расчетов. Способ ведения расчетов определяется отдельно для каждого договора. При оформлении документов поступления и реализации можно использовать как общие цены для всех контрагентов, так и индивидуальные для конкретного договора.\r\n\r\nУчет основных средств и нематериальных активовАвтоматизированы все основные операции по учету: поступление, принятие к учету, начисление амортизации, передача, списание, инвентаризация. Возможно распределение сумм начисленной амортизации за месяц между несколькими счетами или объектами аналитического учета. Для основных средств, использующихся сезонно, возможно применение графиков начисления амортизации.\r\n\r\nУчет основного и вспомогательного производстваАвтоматизированы расчет себестоимости продукции и услуг, выпускаемых основным и вспомогательным производством, учет переработки давальческого сырья. В течение месяца учет выпущенной готовой продукции ведется по плановой себестоимости. В конце месяца рассчитывается фактическая себестоимость выпущенной продукции и оказанных услуг.\r\n\r\nУчет полуфабрикатовДля сложных технологических процессов, предполагающих промежуточные стадии с выпуском полуфабрикатов, поддерживается складской учет полуфабрикатов и автоматический расчет их себестоимости.\r\n\r\nУчет косвенных расходов При списании косвенных расходов возможно применение различных методов распределения по номенклатурным группам продукции (услуг). Для косвенных расходов возможны следующие базы распределения:объем выпуска;\r\nплановая себестоимость;\r\nоплата труда;\r\nматериальные затраты.\r\nУчет заработной платы и кадровый учетВ \"1С:Бухгалтерии 8 для Кыргызстана\" ведется учет движения персонала. Обеспечивается формирование унифицированных форм по трудовому законодательству.\r\n\r\nАвтоматизированы:начисление зарплаты работникам предприятия с возможностью указать способ отражения в учете отдельно для каждого вида начисления;\r\nведение взаиморасчетов с работниками вплоть до выплаты зарплаты;\r\nоперации с депонированной заработной платой;\r\nрасчеты по исполнительным листам;\r\nисчисление регламентированных законодательством налогов и взносов, облагаемой базой которых служит заработная плата работников организаций;\r\nформирование необходимой регламентированной отчетности (форм налоговой отчетности).\r\nУчет НДСАвтоматизирован учет налога на добавленную стоимость, уплаченного поставщикам и подрядчикам, в том числе по операциям, в которых НДС не разрешен к зачету и включается в стоимость приобретаемых товаров, работ, услуг. Автоматизирован учет начисленного НДС.\r\n\r\nДля целей учета НДС поддерживается пропорциональный метод определения налога, принимаемого к зачету.\r\n\r\nАвтоматизировано заполнение формы \"Реестр счетов-фактур по товарам (работам, услугам), приобретенным в течение налогового периода (отчетного квартала)\".\r\n\r\nНалоговый учет (по налогу на прибыль)В конфигурации поддерживается общеустановленный порядок налогообложения.\r\n\r\nДля ведения налогового учета (по налогу на прибыль) в конфигурации добавлен специальный (налоговый) план счетов. Это упрощает сопоставление данных бухгалтерского и налогового учета для определения постоянных и временных разниц и расчета налога на прибыль. По данным налогового учета автоматически формируются налоговые регистры и подготавливаются данные для заполнения налоговой декларации по налогу на прибыль.\r\n\r\nЗавершающие операции месяцаАвтоматизированы регламентные операции, выполняемые по окончании месяца, в том числе переоценка валюты, списание расходов будущих периодов, начисление амортизации, определение финансовых результатов и другие.\r\n\r\nСтандартные бухгалтерские отчетыВ конфигурацию \"Бухгалтерия предприятия\" включен набор стандартных отчетов, предназначенных для анализа данных по остаткам и оборотам счетов и проводкам в самых различных разрезах. В их числе оборотно-сальдовая ведомость, шахматная ведомость, оборотно-сальдовая ведомость по счету, обороты счета, карточка счета, анализ счета, анализ субконто.\r\n\r\nРегламентированная отчетностьВ состав конфигурации включен полный набор необходимых бухгалтеру отчетов: финансовых, статистических, налоговых.\r\n\r\nЭргономичный пользовательский интерфейсНовый современный дизайн интерфейса обеспечивает легкость освоения \"1С:Бухгалтерии 8 для Кыргызстана\" для начинающих и высокую скорость работы для опытных пользователей:\r\n\r\nзначительное ускорение массового ввода информации благодаря функции \"ввод по строке\" и эффективному использованию клавиатуры;\r\nудобные средства работы с большими динамическими списками, управление видимостью и порядком колонок, настройка отбора и сортировки;\r\nмаксимальное использование доступного пространства экрана для отображения информации;\r\nмеханизм стилей оформления\r\nКонфигурированиеТиповая конфигурация \"Бухгалтерия предприятия\" реализует наиболее общие схемы учета и может использоваться в большинстве организаций. Для отражения специфики учета конкретной организации типовую конфигурацию можно изменить. \"1С:Бухгалтерия 8\" имеет режим запуска \"Конфигуратор\", который обеспечивает:\r\n\r\nнастройку системы на различные виды учета;\r\nреализацию любой методологии учета;\r\nорганизацию любых справочников и документов произвольной структуры;\r\nнастройку внешнего вида форм ввода информации;\r\nнастройку поведения и алгоритмов работы системы в различных ситуациях с помощью встроенного языка;\r\nширокие оформительские возможности создания печатных форм документов и отчетов с использованием различных шрифтов, рамок, цветов, рисунков;\r\nвозможность наглядного представления информации в виде диаграмм;\r\nбыстрое изменение конфигурации с помощью визуальных средств разработки.\r\nМасштабируемостьСистема 1С:Предприятие 8 обеспечивает масштабируемость прикладных решений, начиная от самых простых до самых многофункциональных. \"1С:Бухгалтерия 8\" может использоваться в следующих вариантах:\r\n\r\nоднопользовательский - для небольших организаций или персонального использования;\r\nфайловый - для многопользовательской работы, обеспечивающий простоту установки и эксплуатации;\r\nклиент-серверный вариант работы на основе трехуровневой архитектуры, обеспечивающий надежное хранение и эффективную обработку данных при одновременной работе большого количества пользователей.\r\nРабота с территориально-распределенными информационными базаминеограниченное количество автономно работающих информационных баз;\r\nполная или частичная синхронизация данных;\r\nпроизвольный порядок и способ передачи изменений.\r\nАдминистрирование\"1С:Бухгалтерия 8\" предоставляет удобные инструменты для администрирования:\r\n\r\nнастройку прав доступа пользователей на основе механизма ролей, назначение интерфейса и языка пользователя;\r\nжурнал регистрации действий пользователей и системных событий;\r\nвозможность выгрузки и загрузки информационной базы;\r\nсредства установки и обновления платформы и прикладных решений.\r\nПереход на «1С:Бухгалтерию 8 для Кыргызстана» пользователей предыдущих версий программных продуктов\r\n\r\nЕсли на момент приобретения «1С:Бухгалтерии 8 для Кыргызстана» учет на вашем предприятии уже был автоматизирован с помощью лицензионных продуктов «1С:Предприятие 7.7» - вы можете приобрести «1С:Бухгалтерию 8 для Кыргызстана» на условиях апгрейда (т.е. приобрести новый программный продукт по льготной цене).\r\n\r\nЦена апгрейда составит: стоимость приобретаемого продукта минус стоимость сдаваемого продукта плюс 250 сом. но не менее половины стоимости приобретаемого продукта.\r\n\r\nЕсли кроме «1С:Предприятие 8. Бухгалтерия для Кыргызстана» приобретаются дополнительные многопользовательские лицензии, - то стоимость апгрейда рассчитывается исходя из суммарной стоимости приобретаемого набора продуктов, то есть скидка делается не на один продукт, а на весь приобретаемый набор.\r\n\r\nДля выполнения апгрейда необходимо вернуть в фирму «1С» регистрационную анкету на сдаваемый программный продукт. Дистрибутивы, книги и ключи защиты останутся у вас для завершения ведения учета в старой программе и перевода информационных баз в «1С:Бухгалтерию 8 для Кыргызстана».\r\n\r\n«1С:Бухгалтерия 8 для Кыргызстана. Базовая версия» - продукт, предназначенный для автоматизации бухгалтерского и налогового учета и подготовки регламентированной отчетности на небольшом предприятии, на котором в программе работает один бухгалтер, и не требуется адаптации типового решения к особенностям учета предприятия.  Содержит полный функционал типового решения, но имеет небольшие ограничения возможностей платформы (по сравнению с версией ПРОФ):\r\n\r\nодновременно с одной информационной базой может работать только один пользователь;\r\nне поддерживается ведение учета нескольких организаций в одной информационной базе, но есть возможность вести учет нескольких организаций в отдельных информационных базах;\r\nне поддерживается изменение конфигурации, можно применять только типовую конфигурацию и устанавливать ее обновления;\r\nне поддерживается работа в варианте клиент-сервер;\r\nне поддерживается работа распределенных информационных баз;\r\nне поддерживается COM-соединение и automation-сервер.',24000.00,NULL,5,1),(12,'1С:Предприятие 8. Комплект на 5 пользователей Бухгалтерии Кыргызстана.Электронная поставка','1s-predpriiatie-8-komplekt-na-5-polzovatelei-bukhgalterii-kyrgyzstana-elektronnaia-postavka','1С:Бухгалтерия 8 для Кыргызстана предназначена для автоматизации бухгалтерского и налогового учета на предприятиях Кыргызской Республики, в соответствии с действующим законодательством, а также для подготовки форм обязательной (регламентированной) отчетности в организациях, осуществляющих любые виды коммерческой деятельности: оптовую и розничную торговлю, оказание услуг, производство и т.д.\r\n\r\nПрограммный продукт реализован на технологической платформе «1С:Предприятие 8».\r\n\r\n«Бухгалтерия для Кыргызстана» выпускается в двух версиях:\r\n\r\n1С:Бухгалтерия 8 для Кыргызстана. Базовая версия - для небольшого предприятия, на котором в программе работает один бухгалтер и не требуется изменения типового решения под специфику учета предприятия;\r\n1С:Бухгалтерия 8 для Кыргызстана. ПРОФ - рекомендуется при работе в программе нескольких пользователей, а также при возможности изменения типовой конфигурации под специфику учета конкретного предприятия.\r\nДля изучения и освоения возможностей конфигурации «Бухгалтерия для Кыргызстана» предназначена учебная версия программы.\r\n\r\n«1С:Бухгалтерия 8 для Кыргызстана» позволяет вести бухгалтерский и налоговый учет хозяйственной деятельности нескольких организаций. При этом, для каждой организации можно завести как отдельную информационную базу, так и в общей информационной базе отражать учет нескольких организаций.  Кроме того для каждой из организаций вы можете назначить свою учетную политику (в области бухгалтерского и налогового учета). Возможность ведения учета нескольких организаций полезна для предприятий, хозяйственная деятельность которых тесно связана между собой, и которые используют общие списки товаров, статей затрат, клиентов и др.\r\n\r\nФункциональные возможности программы \"1С:Бухгалтерия 8 для Кыргызстана\"\r\n\r\n\"1С:Бухгалтерия 8 для Кыргызстана\" – универсальная программа массового назначения для автоматизации бухгалтерского и налогового учета. В основе программы лежит гибкая технологическая платформа системы \"1С:Предприятие 8\", возможности которой позволяют создавать и модифицировать самые разнообразные бизнес-приложения. В комплект поставки программного продукта входит прикладное решение - конфигурация \"Бухгалтерия для Кыргызстана\".\r\n\r\n\"1С:Бухгалтерия 8 для Кыргызстана\" предназначена для ведения бухгалтерского и налогового учета, а также для подготовки форм обязательной (регламентированной) отчетности в организациях, осуществляющих любые виды коммерческой деятельности: оптовую и розничную торговлю, оказание услуг, производство и т.д.\r\n\r\nБухгалтерский и налоговый учет реализованы в соответствии с действующим законодательством Кыргызской Республики.\r\n\r\nВедение учета деятельности нескольких организаций\r\n\r\nС помощью \"1С:Бухгалтерии 8 для Кыргызстана\" можно вести бухгалтерский и налоговый учет хозяйственной деятельности нескольких организаций. Учет по каждой организации можно вести в отдельной информационной базе. В то же время \"1С:Бухгалтерия 8 для Кыргызстана\" предоставляет возможность ведения бухгалтерского и налогового учета нескольких организаций в общей информационной базе (причем в роли отдельных организаций могут выступать индивидуальные предприниматели). Это удобно, если хозяйственная деятельность этих организаций тесно связана между собой: можно использовать общие списки товаров, контрагентов (деловых партнеров), работников, складов (мест хранения) и т.д., а обязательную отчетность формировать раздельно.\r\n\r\nУчет товарно-материальных запасов Для организации учета ТМЗ поддерживаются следующие способы оценки материально-производственных запасов при их выбытии:\r\n\r\nпо средней себестоимости;\r\nпо себестоимости первых по времени приобретения материально-производственных запасов (способ ФИФО).\r\nДля поддержки способа оценки ФИФО на счетах учета товарно-материальных запасов ведется партионный учет. Для разных счетов учета ТМЗ могут применяться различные способы оценки себестоимости (согласно МСБУ 2).\r\n\r\nСкладской учет\r\n\r\nПо складам может вестись количественный или количественно-суммовой учет. В первом случае оценка товаров и материалов не зависит от того, с какого склада они получены. Складской учет может быть отключен, если в нем нет необходимости.\r\n\r\nВ \"1С:Бухгалтерии 8 для Кыргызстана\" регистрируются данные инвентаризации, которые автоматически сверяются с данными учета. На основании инвентаризации отражается выявление излишков и списание недостач.\r\n\r\nУчет торговых операций\r\n\r\nАвтоматизирован учет операций поступления и реализации товаров и услуг. При продаже товаров выписываются счета на оплату, оформляются накладные и счета-фактуры. Все операции по оптовой торговле учитываются в разрезе договоров с покупателями и поставщиками.\r\n\r\nАвтоматизировано отражение возвратов товаров от покупателя и поставщику.\r\n\r\nВ \"1С:Бухгалтерии 8 для Кыргызстана\" поддерживается использование нескольких типов цен, например: \"оптовая\", \"мелкооптовая\", \"розничная\", \"закупочная\" и т.п. Это упрощает отражение операций поступления и реализации.\r\n\r\nУчет банковских и кассовых операций\r\n\r\nРеализован учет движения наличных и безналичных денежных средств и валютных операций. Поддерживается ввод и печать платежных поручений, приходных и расходных кассовых ордеров. Автоматизированы операции по расчетам с поставщиками, покупателями и подотчетными лицами, внесение наличных на расчетный счет и получение наличных по денежному чеку, приобретение и продажи иностранной валюты. При отражении операций суммы платежей автоматически разбиваются на аванс и оплату. На основании кассовых документов формируется кассовая книга установленного образца.\r\n\r\nУчет расчетов с контрагентами\r\n\r\nУчет расчетов с поставщиками и покупателями можно вести в сомах, условных единицах и иностранной валюте. Курсовые и суммовые разницы по каждой операции рассчитываются автоматически. Расчеты с контрагентами можно вести по договору в целом или с указанием конкретных документов расчетов. Способ ведения расчетов определяется отдельно для каждого договора. При оформлении документов поступления и реализации можно использовать как общие цены для всех контрагентов, так и индивидуальные для конкретного договора.\r\n\r\nУчет основных средств и нематериальных активов\r\n\r\nАвтоматизированы все основные операции по учету: поступление, принятие к учету, начисление амортизации, передача, списание, инвентаризация. Возможно распределение сумм начисленной амортизации за месяц между несколькими счетами или объектами аналитического учета. Для основных средств, использующихся сезонно, возможно применение графиков начисления амортизации.\r\n\r\nУчет основного и вспомогательного производства\r\n\r\nАвтоматизированы расчет себестоимости продукции и услуг, выпускаемых основным и вспомогательным производством, учет переработки давальческого сырья. В течение месяца учет выпущенной готовой продукции ведется по плановой себестоимости. В конце месяца рассчитывается фактическая себестоимость выпущенной продукции и оказанных услуг.\r\n\r\nУчет полуфабрикатов\r\n\r\nДля сложных технологических процессов, предполагающих промежуточные стадии с выпуском полуфабрикатов, поддерживается складской учет полуфабрикатов и автоматический расчет их себестоимости.\r\n\r\nУчет косвенных расходов При списании косвенных расходов возможно применение различных методов распределения по номенклатурным группам продукции (услуг). Для косвенных расходов возможны следующие базы распределения:\r\n\r\nобъем выпуска;\r\nплановая себестоимость;\r\nоплата труда;\r\nматериальные затраты.\r\nУчет заработной платы и кадровый учет\r\n\r\nВ \"1С:Бухгалтерии 8 для Кыргызстана\" ведется учет движения персонала. Обеспечивается формирование унифицированных форм по трудовому законодательству.\r\n\r\nАвтоматизированы:\r\n\r\nначисление зарплаты работникам предприятия с возможностью указать способ отражения в учете отдельно для каждого вида начисления;\r\nведение взаиморасчетов с работниками вплоть до выплаты зарплаты;\r\nоперации с депонированной заработной платой;\r\nрасчеты по исполнительным листам;\r\nисчисление регламентированных законодательством налогов и взносов, облагаемой базой которых служит заработная плата работников организаций;\r\nформирование необходимой регламентированной отчетности (форм налоговой отчетности).\r\nУчет НДС\r\n\r\nАвтоматизирован учет налога на добавленную стоимость, уплаченного поставщикам и подрядчикам, в том числе по операциям, в которых НДС не разрешен к зачету и включается в стоимость приобретаемых товаров, работ, услуг. Автоматизирован учет начисленного НДС.\r\n\r\nДля целей учета НДС поддерживается пропорциональный метод определения налога, принимаемого к зачету.\r\n\r\nАвтоматизировано заполнение формы \"Реестр счетов-фактур по товарам (работам, услугам), приобретенным в течение налогового периода (отчетного квартала)\".\r\n\r\nНалоговый учет (по налогу на прибыль)\r\n\r\nВ конфигурации поддерживается общеустановленный порядок налогообложения.\r\n\r\nДля ведения налогового учета (по налогу на прибыль) в конфигурации добавлен специальный (налоговый) план счетов. Это упрощает сопоставление данных бухгалтерского и налогового учета для определения постоянных и временных разниц и расчета налога на прибыль. По данным налогового учета автоматически формируются налоговые регистры и подготавливаются данные для заполнения налоговой декларации по налогу на прибыль.\r\n\r\nЗавершающие операции месяца\r\n\r\nАвтоматизированы регламентные операции, выполняемые по окончании месяца, в том числе переоценка валюты, списание расходов будущих периодов, начисление амортизации, определение финансовых результатов и другие.\r\n\r\nСтандартные бухгалтерские отчеты\r\n\r\nВ конфигурацию \"Бухгалтерия предприятия\" включен набор стандартных отчетов, предназначенных для анализа данных по остаткам и оборотам счетов и проводкам в самых различных разрезах. В их числе оборотно-сальдовая ведомость, шахматная ведомость, оборотно-сальдовая ведомость по счету, обороты счета, карточка счета, анализ счета, анализ субконто.\r\n\r\nРегламентированная отчетность\r\n\r\nВ состав конфигурации включен полный набор необходимых бухгалтеру отчетов: финансовых, статистических, налоговых.\r\n\r\nЭргономичный пользовательский интерфейс\r\n\r\nНовый современный дизайн интерфейса обеспечивает легкость освоения \"1С:Бухгалтерии 8 для Кыргызстана\" для начинающих и высокую скорость работы для опытных пользователей:\r\n\r\nзначительное ускорение массового ввода информации благодаря функции \"ввод по строке\" и эффективному использованию клавиатуры;\r\nудобные средства работы с большими динамическими списками, управление видимостью и порядком колонок, настройка отбора и сортировки;\r\nмаксимальное использование доступного пространства экрана для отображения информации;\r\nмеханизм стилей оформления\r\nКонфигурирование\r\n\r\nТиповая конфигурация \"Бухгалтерия предприятия\" реализует наиболее общие схемы учета и может использоваться в большинстве организаций. Для отражения специфики учета конкретной организации типовую конфигурацию можно изменить. \"1С:Бухгалтерия 8\" имеет режим запуска \"Конфигуратор\", который обеспечивает:\r\n\r\nнастройку системы на различные виды учета;\r\nреализацию любой методологии учета;\r\nорганизацию любых справочников и документов произвольной структуры;\r\nнастройку внешнего вида форм ввода информации;\r\nнастройку поведения и алгоритмов работы системы в различных ситуациях с помощью встроенного языка;\r\nширокие оформительские возможности создания печатных форм документов и отчетов с использованием различных шрифтов, рамок, цветов, рисунков;\r\nвозможность наглядного представления информации в виде диаграмм;\r\nбыстрое изменение конфигурации с помощью визуальных средств разработки.\r\nМасштабируемость\r\n\r\nСистема 1С:Предприятие 8 обеспечивает масштабируемость прикладных решений, начиная от самых простых до самых многофункциональных. \"1С:Бухгалтерия 8\" может использоваться в следующих вариантах:\r\n\r\nоднопользовательский - для небольших организаций или персонального использования;\r\nфайловый - для многопользовательской работы, обеспечивающий простоту установки и эксплуатации;\r\nклиент-серверный вариант работы на основе трехуровневой архитектуры, обеспечивающий надежное хранение и эффективную обработку данных при одновременной работе большого количества пользователей.\r\nРабота с территориально-распределенными информационными базами\r\n\r\nнеограниченное количество автономно работающих информационных баз;\r\nполная или частичная синхронизация данных;\r\nпроизвольный порядок и способ передачи изменений.\r\nАдминистрирование\r\n\r\n\"1С:Бухгалтерия 8\" предоставляет удобные инструменты для администрирования:\r\n\r\nнастройку прав доступа пользователей на основе механизма ролей, назначение интерфейса и языка пользователя;\r\nжурнал регистрации действий пользователей и системных событий;\r\nвозможность выгрузки и загрузки информационной базы;\r\nсредства установки и обновления платформы и прикладных решений.\r\nПереход на «1С:Бухгалтерию 8 для Кыргызстана» пользователей предыдущих версий программных продуктов\r\n\r\nЕсли на момент приобретения «1С:Бухгалтерии 8 для Кыргызстана» учет на вашем предприятии уже был автоматизирован с помощью лицензионных продуктов «1С:Предприятие 7.7» - вы можете приобрести «1С:Бухгалтерию 8 для Кыргызстана» на условиях апгрейда (т.е. приобрести новый программный продукт по льготной цене).\r\n\r\nЦена апгрейда составит: стоимость приобретаемого продукта минус стоимость сдаваемого продукта плюс 250 сом. но не менее половины стоимости приобретаемого продукта.\r\n\r\nЕсли кроме «1С:Предприятие 8. Бухгалтерия для Кыргызстана» приобретаются дополнительные многопользовательские лицензии, - то стоимость апгрейда рассчитывается исходя из суммарной стоимости приобретаемого набора продуктов, то есть скидка делается не на один продукт, а на весь приобретаемый набор.\r\n\r\nДля выполнения апгрейда необходимо вернуть в фирму «1С» регистрационную анкету на сдаваемый программный продукт. Дистрибутивы, книги и ключи защиты останутся у вас для завершения ведения учета в старой программе и перевода информационных баз в «1С:Бухгалтерию 8 для Кыргызстана».\r\n\r\n«1С:Бухгалтерия 8 для Кыргызстана. Базовая версия» - продукт, предназначенный для автоматизации бухгалтерского и налогового учета и подготовки регламентированной отчетности на небольшом предприятии, на котором в программе работает один бухгалтер, и не требуется адаптации типового решения к особенностям учета предприятия.  Содержит полный функционал типового решения, но имеет небольшие ограничения возможностей платформы (по сравнению с версией ПРОФ):\r\n\r\nодновременно с одной информационной базой может работать только один пользователь;\r\nне поддерживается ведение учета нескольких организаций в одной информационной базе, но есть возможность вести учет нескольких организаций в отдельных информационных базах;\r\nне поддерживается изменение конфигурации, можно применять только типовую конфигурацию и устанавливать ее обновления;\r\nне поддерживается работа в варианте клиент-сервер;\r\nне поддерживается работа распределенных информационных баз;\r\nне поддерживается COM-соединение и automation-сервер.',44000.00,NULL,5,1),(13,'1С:Предприятие 8. Комплект на 5 пользователей Бухгалтерии Кыргызстана (USB)','1s-predpriiatie-8-komplekt-na-5-polzovatelei-bukhgalterii-kyrgyzstana-usb','1С:Бухгалтерия 8 для Кыргызстана предназначена для автоматизации бухгалтерского и налогового учета на предприятиях Кыргызской Республики, в соответствии с действующим законодательством, а также для подготовки форм обязательной (регламентированной) отчетности в организациях, осуществляющих любые виды коммерческой деятельности: оптовую и розничную торговлю, оказание услуг, производство и т.д.\r\n\r\nПрограммный продукт реализован на технологической платформе «1С:Предприятие 8».\r\n\r\n«Бухгалтерия для Кыргызстана» выпускается в двух версиях:\r\n\r\n1С:Бухгалтерия 8 для Кыргызстана. Базовая версия - для небольшого предприятия, на котором в программе работает один бухгалтер и не требуется изменения типового решения под специфику учета предприятия;\r\n1С:Бухгалтерия 8 для Кыргызстана. ПРОФ - рекомендуется при работе в программе нескольких пользователей, а также при возможности изменения типовой конфигурации под специфику учета конкретного предприятия.\r\nДля изучения и освоения возможностей конфигурации «Бухгалтерия для Кыргызстана» предназначена учебная версия программы.\r\n\r\n«1С:Бухгалтерия 8 для Кыргызстана» позволяет вести бухгалтерский и налоговый учет хозяйственной деятельности нескольких организаций. При этом, для каждой организации можно завести как отдельную информационную базу, так и в общей информационной базе отражать учет нескольких организаций.  Кроме того для каждой из организаций вы можете назначить свою учетную политику (в области бухгалтерского и налогового учета). Возможность ведения учета нескольких организаций полезна для предприятий, хозяйственная деятельность которых тесно связана между собой, и которые используют общие списки товаров, статей затрат, клиентов и др.\r\n\r\nФункциональные возможности программы \"1С:Бухгалтерия 8 для Кыргызстана\"\r\n\r\n\"1С:Бухгалтерия 8 для Кыргызстана\" – универсальная программа массового назначения для автоматизации бухгалтерского и налогового учета. В основе программы лежит гибкая технологическая платформа системы \"1С:Предприятие 8\", возможности которой позволяют создавать и модифицировать самые разнообразные бизнес-приложения. В комплект поставки программного продукта входит прикладное решение - конфигурация \"Бухгалтерия для Кыргызстана\".\r\n\r\n\"1С:Бухгалтерия 8 для Кыргызстана\" предназначена для ведения бухгалтерского и налогового учета, а также для подготовки форм обязательной (регламентированной) отчетности в организациях, осуществляющих любые виды коммерческой деятельности: оптовую и розничную торговлю, оказание услуг, производство и т.д.\r\n\r\nБухгалтерский и налоговый учет реализованы в соответствии с действующим законодательством Кыргызской Республики.\r\n\r\nВедение учета деятельности нескольких организаций\r\n\r\nС помощью \"1С:Бухгалтерии 8 для Кыргызстана\" можно вести бухгалтерский и налоговый учет хозяйственной деятельности нескольких организаций. Учет по каждой организации можно вести в отдельной информационной базе. В то же время \"1С:Бухгалтерия 8 для Кыргызстана\" предоставляет возможность ведения бухгалтерского и налогового учета нескольких организаций в общей информационной базе (причем в роли отдельных организаций могут выступать индивидуальные предприниматели). Это удобно, если хозяйственная деятельность этих организаций тесно связана между собой: можно использовать общие списки товаров, контрагентов (деловых партнеров), работников, складов (мест хранения) и т.д., а обязательную отчетность формировать раздельно.\r\n\r\nУчет товарно-материальных запасов Для организации учета ТМЗ поддерживаются следующие способы оценки материально-производственных запасов при их выбытии:\r\n\r\nпо средней себестоимости;\r\nпо себестоимости первых по времени приобретения материально-производственных запасов (способ ФИФО).\r\nДля поддержки способа оценки ФИФО на счетах учета товарно-материальных запасов ведется партионный учет. Для разных счетов учета ТМЗ могут применяться различные способы оценки себестоимости (согласно МСБУ 2).\r\n\r\nСкладской учет\r\n\r\nПо складам может вестись количественный или количественно-суммовой учет. В первом случае оценка товаров и материалов не зависит от того, с какого склада они получены. Складской учет может быть отключен, если в нем нет необходимости.\r\n\r\nВ \"1С:Бухгалтерии 8 для Кыргызстана\" регистрируются данные инвентаризации, которые автоматически сверяются с данными учета. На основании инвентаризации отражается выявление излишков и списание недостач.\r\n\r\nУчет торговых операций\r\n\r\nАвтоматизирован учет операций поступления и реализации товаров и услуг. При продаже товаров выписываются счета на оплату, оформляются накладные и счета-фактуры. Все операции по оптовой торговле учитываются в разрезе договоров с покупателями и поставщиками.\r\n\r\nАвтоматизировано отражение возвратов товаров от покупателя и поставщику.\r\n\r\nВ \"1С:Бухгалтерии 8 для Кыргызстана\" поддерживается использование нескольких типов цен, например: \"оптовая\", \"мелкооптовая\", \"розничная\", \"закупочная\" и т.п. Это упрощает отражение операций поступления и реализации.\r\n\r\nУчет банковских и кассовых операций\r\n\r\nРеализован учет движения наличных и безналичных денежных средств и валютных операций. Поддерживается ввод и печать платежных поручений, приходных и расходных кассовых ордеров. Автоматизированы операции по расчетам с поставщиками, покупателями и подотчетными лицами, внесение наличных на расчетный счет и получение наличных по денежному чеку, приобретение и продажи иностранной валюты. При отражении операций суммы платежей автоматически разбиваются на аванс и оплату. На основании кассовых документов формируется кассовая книга установленного образца.\r\n\r\nУчет расчетов с контрагентами\r\n\r\nУчет расчетов с поставщиками и покупателями можно вести в сомах, условных единицах и иностранной валюте. Курсовые и суммовые разницы по каждой операции рассчитываются автоматически. Расчеты с контрагентами можно вести по договору в целом или с указанием конкретных документов расчетов. Способ ведения расчетов определяется отдельно для каждого договора. При оформлении документов поступления и реализации можно использовать как общие цены для всех контрагентов, так и индивидуальные для конкретного договора.\r\n\r\nУчет основных средств и нематериальных активов\r\n\r\nАвтоматизированы все основные операции по учету: поступление, принятие к учету, начисление амортизации, передача, списание, инвентаризация. Возможно распределение сумм начисленной амортизации за месяц между несколькими счетами или объектами аналитического учета. Для основных средств, использующихся сезонно, возможно применение графиков начисления амортизации.\r\n\r\nУчет основного и вспомогательного производства\r\n\r\nАвтоматизированы расчет себестоимости продукции и услуг, выпускаемых основным и вспомогательным производством, учет переработки давальческого сырья. В течение месяца учет выпущенной готовой продукции ведется по плановой себестоимости. В конце месяца рассчитывается фактическая себестоимость выпущенной продукции и оказанных услуг.\r\n\r\nУчет полуфабрикатов\r\n\r\nДля сложных технологических процессов, предполагающих промежуточные стадии с выпуском полуфабрикатов, поддерживается складской учет полуфабрикатов и автоматический расчет их себестоимости.\r\n\r\nУчет косвенных расходов При списании косвенных расходов возможно применение различных методов распределения по номенклатурным группам продукции (услуг). Для косвенных расходов возможны следующие базы распределения:\r\n\r\nобъем выпуска;\r\nплановая себестоимость;\r\nоплата труда;\r\nматериальные затраты.\r\nУчет заработной платы и кадровый учет\r\n\r\nВ \"1С:Бухгалтерии 8 для Кыргызстана\" ведется учет движения персонала. Обеспечивается формирование унифицированных форм по трудовому законодательству.\r\n\r\nАвтоматизированы:\r\n\r\nначисление зарплаты работникам предприятия с возможностью указать способ отражения в учете отдельно для каждого вида начисления;\r\nведение взаиморасчетов с работниками вплоть до выплаты зарплаты;\r\nоперации с депонированной заработной платой;\r\nрасчеты по исполнительным листам;\r\nисчисление регламентированных законодательством налогов и взносов, облагаемой базой которых служит заработная плата работников организаций;\r\nформирование необходимой регламентированной отчетности (форм налоговой отчетности).\r\nУчет НДС\r\n\r\nАвтоматизирован учет налога на добавленную стоимость, уплаченного поставщикам и подрядчикам, в том числе по операциям, в которых НДС не разрешен к зачету и включается в стоимость приобретаемых товаров, работ, услуг. Автоматизирован учет начисленного НДС.\r\n\r\nДля целей учета НДС поддерживается пропорциональный метод определения налога, принимаемого к зачету.\r\n\r\nАвтоматизировано заполнение формы \"Реестр счетов-фактур по товарам (работам, услугам), приобретенным в течение налогового периода (отчетного квартала)\".\r\n\r\nНалоговый учет (по налогу на прибыль)\r\n\r\nВ конфигурации поддерживается общеустановленный порядок налогообложения.\r\n\r\nДля ведения налогового учета (по налогу на прибыль) в конфигурации добавлен специальный (налоговый) план счетов. Это упрощает сопоставление данных бухгалтерского и налогового учета для определения постоянных и временных разниц и расчета налога на прибыль. По данным налогового учета автоматически формируются налоговые регистры и подготавливаются данные для заполнения налоговой декларации по налогу на прибыль.\r\n\r\nЗавершающие операции месяца\r\n\r\nАвтоматизированы регламентные операции, выполняемые по окончании месяца, в том числе переоценка валюты, списание расходов будущих периодов, начисление амортизации, определение финансовых результатов и другие.\r\n\r\nСтандартные бухгалтерские отчеты\r\n\r\nВ конфигурацию \"Бухгалтерия предприятия\" включен набор стандартных отчетов, предназначенных для анализа данных по остаткам и оборотам счетов и проводкам в самых различных разрезах. В их числе оборотно-сальдовая ведомость, шахматная ведомость, оборотно-сальдовая ведомость по счету, обороты счета, карточка счета, анализ счета, анализ субконто.\r\n\r\nРегламентированная отчетность\r\n\r\nВ состав конфигурации включен полный набор необходимых бухгалтеру отчетов: финансовых, статистических, налоговых.\r\n\r\nЭргономичный пользовательский интерфейс\r\n\r\nНовый современный дизайн интерфейса обеспечивает легкость освоения \"1С:Бухгалтерии 8 для Кыргызстана\" для начинающих и высокую скорость работы для опытных пользователей:\r\n\r\nзначительное ускорение массового ввода информации благодаря функции \"ввод по строке\" и эффективному использованию клавиатуры;\r\nудобные средства работы с большими динамическими списками, управление видимостью и порядком колонок, настройка отбора и сортировки;\r\nмаксимальное использование доступного пространства экрана для отображения информации;\r\nмеханизм стилей оформления\r\nКонфигурирование\r\n\r\nТиповая конфигурация \"Бухгалтерия предприятия\" реализует наиболее общие схемы учета и может использоваться в большинстве организаций. Для отражения специфики учета конкретной организации типовую конфигурацию можно изменить. \"1С:Бухгалтерия 8\" имеет режим запуска \"Конфигуратор\", который обеспечивает:\r\n\r\nнастройку системы на различные виды учета;\r\nреализацию любой методологии учета;\r\nорганизацию любых справочников и документов произвольной структуры;\r\nнастройку внешнего вида форм ввода информации;\r\nнастройку поведения и алгоритмов работы системы в различных ситуациях с помощью встроенного языка;\r\nширокие оформительские возможности создания печатных форм документов и отчетов с использованием различных шрифтов, рамок, цветов, рисунков;\r\nвозможность наглядного представления информации в виде диаграмм;\r\nбыстрое изменение конфигурации с помощью визуальных средств разработки.\r\nМасштабируемость\r\n\r\nСистема 1С:Предприятие 8 обеспечивает масштабируемость прикладных решений, начиная от самых простых до самых многофункциональных. \"1С:Бухгалтерия 8\" может использоваться в следующих вариантах:\r\n\r\nоднопользовательский - для небольших организаций или персонального использования;\r\nфайловый - для многопользовательской работы, обеспечивающий простоту установки и эксплуатации;\r\nклиент-серверный вариант работы на основе трехуровневой архитектуры, обеспечивающий надежное хранение и эффективную обработку данных при одновременной работе большого количества пользователей.\r\nРабота с территориально-распределенными информационными базами\r\n\r\nнеограниченное количество автономно работающих информационных баз;\r\nполная или частичная синхронизация данных;\r\nпроизвольный порядок и способ передачи изменений.\r\nАдминистрирование\r\n\r\n\"1С:Бухгалтерия 8\" предоставляет удобные инструменты для администрирования:\r\n\r\nнастройку прав доступа пользователей на основе механизма ролей, назначение интерфейса и языка пользователя;\r\nжурнал регистрации действий пользователей и системных событий;\r\nвозможность выгрузки и загрузки информационной базы;\r\nсредства установки и обновления платформы и прикладных решений.\r\nПереход на «1С:Бухгалтерию 8 для Кыргызстана» пользователей предыдущих версий программных продуктов\r\n\r\nЕсли на момент приобретения «1С:Бухгалтерии 8 для Кыргызстана» учет на вашем предприятии уже был автоматизирован с помощью лицензионных продуктов «1С:Предприятие 7.7» - вы можете приобрести «1С:Бухгалтерию 8 для Кыргызстана» на условиях апгрейда (т.е. приобрести новый программный продукт по льготной цене).\r\n\r\nЦена апгрейда составит: стоимость приобретаемого продукта минус стоимость сдаваемого продукта плюс 250 сом. но не менее половины стоимости приобретаемого продукта.\r\n\r\nЕсли кроме «1С:Предприятие 8. Бухгалтерия для Кыргызстана» приобретаются дополнительные многопользовательские лицензии, - то стоимость апгрейда рассчитывается исходя из суммарной стоимости приобретаемого набора продуктов, то есть скидка делается не на один продукт, а на весь приобретаемый набор.\r\n\r\nДля выполнения апгрейда необходимо вернуть в фирму «1С» регистрационную анкету на сдаваемый программный продукт. Дистрибутивы, книги и ключи защиты останутся у вас для завершения ведения учета в старой программе и перевода информационных баз в «1С:Бухгалтерию 8 для Кыргызстана».\r\n\r\n«1С:Бухгалтерия 8 для Кыргызстана. Базовая версия» - продукт, предназначенный для автоматизации бухгалтерского и налогового учета и подготовки регламентированной отчетности на небольшом предприятии, на котором в программе работает один бухгалтер, и не требуется адаптации типового решения к особенностям учета предприятия.  Содержит полный функционал типового решения, но имеет небольшие ограничения возможностей платформы (по сравнению с версией ПРОФ):\r\n\r\nодновременно с одной информационной базой может работать только один пользователь;\r\nне поддерживается ведение учета нескольких организаций в одной информационной базе, но есть возможность вести учет нескольких организаций в отдельных информационных базах;\r\nне поддерживается изменение конфигурации, можно применять только типовую конфигурацию и устанавливать ее обновления;\r\nне поддерживается работа в варианте клиент-сервер;\r\nне поддерживается работа распределенных информационных баз;\r\nне поддерживается COM-соединение и automation-сервер.',51000.00,NULL,5,1),(14,'1С:Предприятие 8. Бухгалтерия для бюджетных организаций Кыргызстана. Электронная поставка','1s-predpriiatie-8-bukhgalteriia-dlia-biudzhetnykh-organizatsii-kyrgyzstana-elektronnaia-postavka','Функциональные возможности продукта с программной защитой не отличаются от возможностей аналогичного продукта с аппаратной защитой \"1С:Предприятие 8. Бухгалтерия для бюджетных организаций Кыргызстана (USB)\". \r\n«1С: Бухгалтерия 8 для Бюджетных организаций Кыргызстана» предназначена для автоматизации бухгалтерского учета бюджетных предприятий, ведущих свой учет согласно положению по организации бухгалтерского учета в бюджетных учреждениях. \r\nПрограммой «1С:Бухгалтерия 8 для Бюджетных организаций Кыргызстана» могут пользоваться организации с источником финансирования: \r\n•    Из Бюджета \r\n•    Со Спец.счета \r\n•    Со смешанной формой финансирования (и спец.счет и бюджет). \r\n В программу включен план счетов бухгалтерского учета для бюджетных организаций.\r\n\r\nВ программе ведется аналитический учет по видам финансирования и по статьям доходов и расходов.\r\nОсновным способом отражения хозяйственных операций в учете является ввод первичных бухгалтерских документов и начислений.\r\nВ программе автоматизированы следующие разделы: \r\n•    Учет операций с денежными средствами (банк и касса); \r\n•    Учет операций с ТМЗ (хозяйственные товары и МБП); \r\n•    Учет реализации товаров и услуг; \r\n•    Учет расчетов с контрагентами; \r\n•    Учет расчетов с подотчетными лицами; \r\n•    Учет операций с основными средствами и нематериальными активами; \r\n•    Учет расчета заработной платы и кадровый учет; \r\n•    Учет исполнения «Сметы расходов»; \r\n•    Учет взаиморасчетов со студентами; \r\n•    Калькуляция питания; \r\n•    Учет производства; \r\nВ программе реализованы следующие возможности: \r\n•    Для оформления сметы «Смета расходов»; \r\n•    Для открытия финансирования «Бюджетное поручение»; \r\n•    Для кассового расхода «Платежное поручение, ПКО и Заявка»; \r\n•    Для фактического расхода «Поступление ТМЗ и услуг, Списание ТМЗ, Списание ОС и НМА, Закрытие месяца ЗП»; \r\n•    Отчет об исполнении сметы расходов (Форма 2 и 4); \r\n•    Ежемесячный отчет в казначейство (Форма 2 и 4); \r\n•    Регламентная отчетность (Баланс + 13 приложений, 10 приложений к пояснительной записки, Увязка между приложениями баланса и пояснительной записки, Увязка между формой №2, №4 и приложениями баланса и пояснительной записки) ; \r\n•    Формирования отчетов в соц.фонд, по подоходному налогу и д.р.; \r\n•    Формирование отчетов по мемориально-ордерной системе и главная книга. \r\n\r\n \r\nВозможности программы (подробно).\r\nВедение учета деятельности нескольких организаций\r\nС помощью \"1С:Бухгалтерии 8 для бюджетных организаций Кыргызстана\" можно вести бухгалтерский учет хозяйственной деятельности нескольких организаций. Учет по каждой организации можно вести в отдельной информационной базе. В то же время \"1С:Бухгалтерия 8 для бюджетных организаций Кыргызстана\" предоставляет возможность ведения бухгалтерского учета нескольких организаций в общей информационной базе. Это удобно, если хозяйственная деятельность этих организаций тесно связана между собой: можно использовать общие списки товаров, контрагентов (деловых партнеров), работников, складов (мест хранения) и т.д., а обязательную отчетность формировать раздельно. \r\n\r\nВедение учета деятельности по источникам финансирования\r\n\"1С:Бухгалтерия 8 для бюджетных организаций Кыргызстана\" предоставляет возможность ведения учета по источникам финансирования (из государственного бюджета или за счет спецсредств). \r\n\r\nУчет товарно-материальных запасов\r\nДля организации учета хозяйственных материалов, товаров и МБП поддерживаются следующие способы оценки ТМЗ по их выбытии: \r\n\r\nпо средней себестоимости;\r\nпо себестоимости первых по времени приобретения товарно-материальных запасов (способ ФИФО);\r\nпо фиксированным ценам.\r\nДля поддержки способа оценки ФИФО на счетах учета товарно-материальных запасов ведется партионный учет. Различные способы оценки могут применяться независимо для каждого счета и для каждой организации. \r\n\r\nСкладской учет\r\nПо складам может вестись количественный или количественно-суммовой учет. В первом случае оценка товаров и материалов не зависит от того, с какого склада они получены. Складской учет может быть отключен, если в нем нет необходимости. \r\nВ \"1С:Бухгалтерии 8 для бюджетных организаций Кыргызстана\" регистрируются данные инвентаризации, которые автоматически сверяются с данными учета. На основании инвентаризации отражается выявление излишков и списание недостач. \r\n\r\nУчет банковских и кассовых операций\r\nРеализован учет движения наличных и безналичных денежных средств и валютных операций по статьям исполнения сметы расходов. Поддерживается ввод и печать бюджетных поручений, платежных поручений, внутриказначейских поручений, переводных поручений, заявок, приходных и расходных кассовых ордеров. Автоматизированы операции по расчетам с поставщиками, покупателями и подотчетными лицами, внесение наличных на расчетный счет. При отражении операций суммы платежей могут автоматически разбиваться на аванс и оплату. На основании кассовых документов формируется кассовая книга установленного образца. \r\n\r\nУчет расчетов с контрагентами (с поставщиками и покупателями)\r\nВ \"1С:Бухгалтерии 8 для бюджетных организаций Кыргызстана\" можно вести учета расчетов с контрагентами по договорам и без договоров. При выборе учета по договорам в плане счетов на счетах учета, предусматривающих аналитический учет по субконто \"Контрагенты\" автоматически будет добавлено субконто \"Договоры\" и в документах будет добавлено поле выбора договора. При оформлении документов поступления и реализации можно использовать как общие цены для всех контрагентов, так и индивидуальные для конкретного договора. \r\n\r\nУчет основных средств и нематериальных активов\r\nАвтоматизированы все основные операции по учету: поступление, принятие к учету, начисление амортизации, модернизация, передача, списание, инвентаризация. Возможно распределение сумм начисленной амортизации за месяц между несколькими счетами или объектами аналитического учета. \r\n\r\nУчет заработной платы, кадровый и персонифицированный учет\r\nВ \"1С:Бухгалтерии 8 для бюджетных организаций Кыргызстана\" ведется учет движения персонала, включая учет работников по основному месту работы и по совместительству. Обеспечивается формирование унифицированных форм по трудовому законодательству. \r\n\r\nАвтоматизированы:\r\nначисление зарплаты работникам предприятия по окладу с возможностью указать способ отражения в учете отдельно для каждого вида начисления;\r\nведение взаиморасчетов с работниками вплоть до выплаты зарплаты и перечисления зарплаты на карточные счета работников;\r\nдепонирование;\r\nисчисление регламентированных законодательством налогов и взносов, облагаемой базой которых служит заработная плата работников организаций;\r\nформирование необходимой регламентированной отчетности.\r\nУчет исполнения сметы расхода\r\nВ \"1С:Бухгалтерии 8 для бюджетных организаций Кыргызстана\" ведется учет исполнения сметы расходов: утверждение сметы, открытие финансирования, поступление денежных средств, кассовый расход денежных средств, а также фактическое начисление по статьям классификации доходов и экономической классификации расходов (далее \"по статьям\"). Автоматизированы операции: формирование сметы расходов на год, формирование бюджетного поручения, формирование заявки на использование денежных средств. Обеспечивается формирование отчета об исполнении сметы расхода. \r\n\r\nЗавершающие операции месяца\r\nАвтоматизированы регламентные операции, выполняемые по окончании месяца, в том числе определение финансовых результатов и установка запрета редактирования данных. Защита изменения данных является двухуровневой: по автору созданного документа и общий запрет для всех документов месяца. \r\n\r\nСтандартные бухгалтерские отчеты\r\n\"1С:Бухгалтерия 8 для бюджетных организаций Кыргызстана\" предоставляет пользователю набор стандартных отчетов, которые позволяют анализировать данные по остаткам, оборотам счетов и по проводкам в самых различных разрезах. В их числе оборотно-сальдовая ведомость, шахматная ведомость, оборотно-сальдовая ведомость по счету, обороты счета, карточка счета, анализ счета, анализ субконто, обороты между субконто, сводные проводки, главная книга, диаграмма. \r\n\r\nРегламентированная отчетность\r\nВ \"1С:Бухгалтерию 8 для бюджетных организаций Кыргызстана\" включены обязательные (регламентированные) отчеты, предназначенные для представления вышестоящим органам и контролирующим государственным органам, включая формы бухгалтерской отчетности и приложения к нему, отчеты для органов статистики и государственных фондов. \r\n\r\nСервисные возможности\r\n\"Монитор бухгалтера\" позволяет оперативно и в удобной форме получать данные по остаткам на расчетных счетах и в кассе, о суммах дебиторской и кредиторской задолженности, о сроках сдачи отчетности, а также о сроках уплаты налогов. \r\n\"Экспресс-проверка ведения учета\" обеспечивает анализ данных на соответствие заложенной в программе методологии учета и законодательству, помогает выявить ошибки в ведении учета, подсказывает возможные причины возникновения ошибок и дает рекомендации по их исправлению.',26000.00,NULL,5,1),(15,'1С:Предприятие 8. Бухгалтерия для бюджетных организаций Кыргызстана (USB)','1s-predpriiatie-8-bukhgalteriia-dlia-biudzhetnykh-organizatsii-kyrgyzstana-usb','«1С: Бухгалтерия 8 для Бюджетных организаций Кыргызстана» предназначена для автоматизации бухгалтерского учета бюджетных предприятий, ведущих свой учет согласно положению по организации бухгалтерского учета в бюджетных учреждениях. \r\nПрограммой «1С:Бухгалтерия 8 для Бюджетных организаций Кыргызстана» могут пользоваться организации с источником финансирования: \r\n•    Из Бюджета \r\n•    Со Спец.счета \r\n•    Со смешанной формой финансирования (и спец.счет и бюджет). \r\n В программу включен план счетов бухгалтерского учета для бюджетных организаций.\r\n\r\nВ программе ведется аналитический учет по видам финансирования и по статьям доходов и расходов.\r\nОсновным способом отражения хозяйственных операций в учете является ввод первичных бухгалтерских документов и начислений.\r\nВ программе автоматизированы следующие разделы: \r\n•    Учет операций с денежными средствами (банк и касса); \r\n•    Учет операций с ТМЗ (хозяйственные товары и МБП); \r\n•    Учет реализации товаров и услуг; \r\n•    Учет расчетов с контрагентами; \r\n•    Учет расчетов с подотчетными лицами; \r\n•    Учет операций с основными средствами и нематериальными активами; \r\n•    Учет расчета заработной платы и кадровый учет; \r\n•    Учет исполнения «Сметы расходов»; \r\n•    Учет взаиморасчетов со студентами; \r\n•    Калькуляция питания; \r\n•    Учет производства; \r\nВ программе реализованы следующие возможности: \r\n•    Для оформления сметы «Смета расходов»; \r\n•    Для открытия финансирования «Бюджетное поручение»; \r\n•    Для кассового расхода «Платежное поручение, ПКО и Заявка»; \r\n•    Для фактического расхода «Поступление ТМЗ и услуг, Списание ТМЗ, Списание ОС и НМА, Закрытие месяца ЗП»; \r\n•    Отчет об исполнении сметы расходов (Форма 2 и 4); \r\n•    Ежемесячный отчет в казначейство (Форма 2 и 4); \r\n•    Регламентная отчетность (Баланс + 13 приложений, 10 приложений к пояснительной записки, Увязка между приложениями баланса и пояснительной записки, Увязка между формой №2, №4 и приложениями баланса и пояснительной записки) ; \r\n•    Формирования отчетов в соц.фонд, по подоходному налогу и д.р.; \r\n•    Формирование отчетов по мемориально-ордерной системе и главная книга. \r\n\r\n \r\nВозможности программы (подробно).\r\nВедение учета деятельности нескольких организаций\r\nС помощью \"1С:Бухгалтерии 8 для бюджетных организаций Кыргызстана\" можно вести бухгалтерский учет хозяйственной деятельности нескольких организаций. Учет по каждой организации можно вести в отдельной информационной базе. В то же время \"1С:Бухгалтерия 8 для бюджетных организаций Кыргызстана\" предоставляет возможность ведения бухгалтерского учета нескольких организаций в общей информационной базе. Это удобно, если хозяйственная деятельность этих организаций тесно связана между собой: можно использовать общие списки товаров, контрагентов (деловых партнеров), работников, складов (мест хранения) и т.д., а обязательную отчетность формировать раздельно. \r\n\r\nВедение учета деятельности по источникам финансирования\r\n\"1С:Бухгалтерия 8 для бюджетных организаций Кыргызстана\" предоставляет возможность ведения учета по источникам финансирования (из государственного бюджета или за счет спецсредств). \r\n\r\nУчет товарно-материальных запасов\r\nДля организации учета хозяйственных материалов, товаров и МБП поддерживаются следующие способы оценки ТМЗ по их выбытии: \r\n\r\nпо средней себестоимости;\r\nпо себестоимости первых по времени приобретения товарно-материальных запасов (способ ФИФО);\r\nпо фиксированным ценам.\r\nДля поддержки способа оценки ФИФО на счетах учета товарно-материальных запасов ведется партионный учет. Различные способы оценки могут применяться независимо для каждого счета и для каждой организации. \r\n\r\nСкладской учет\r\nПо складам может вестись количественный или количественно-суммовой учет. В первом случае оценка товаров и материалов не зависит от того, с какого склада они получены. Складской учет может быть отключен, если в нем нет необходимости. \r\nВ \"1С:Бухгалтерии 8 для бюджетных организаций Кыргызстана\" регистрируются данные инвентаризации, которые автоматически сверяются с данными учета. На основании инвентаризации отражается выявление излишков и списание недостач. \r\n\r\nУчет банковских и кассовых операций\r\nРеализован учет движения наличных и безналичных денежных средств и валютных операций по статьям исполнения сметы расходов. Поддерживается ввод и печать бюджетных поручений, платежных поручений, внутриказначейских поручений, переводных поручений, заявок, приходных и расходных кассовых ордеров. Автоматизированы операции по расчетам с поставщиками, покупателями и подотчетными лицами, внесение наличных на расчетный счет. При отражении операций суммы платежей могут автоматически разбиваться на аванс и оплату. На основании кассовых документов формируется кассовая книга установленного образца. \r\n\r\nУчет расчетов с контрагентами (с поставщиками и покупателями)\r\nВ \"1С:Бухгалтерии 8 для бюджетных организаций Кыргызстана\" можно вести учета расчетов с контрагентами по договорам и без договоров. При выборе учета по договорам в плане счетов на счетах учета, предусматривающих аналитический учет по субконто \"Контрагенты\" автоматически будет добавлено субконто \"Договоры\" и в документах будет добавлено поле выбора договора. При оформлении документов поступления и реализации можно использовать как общие цены для всех контрагентов, так и индивидуальные для конкретного договора. \r\n\r\nУчет основных средств и нематериальных активов\r\nАвтоматизированы все основные операции по учету: поступление, принятие к учету, начисление амортизации, модернизация, передача, списание, инвентаризация. Возможно распределение сумм начисленной амортизации за месяц между несколькими счетами или объектами аналитического учета. \r\n\r\nУчет заработной платы, кадровый и персонифицированный учет\r\nВ \"1С:Бухгалтерии 8 для бюджетных организаций Кыргызстана\" ведется учет движения персонала, включая учет работников по основному месту работы и по совместительству. Обеспечивается формирование унифицированных форм по трудовому законодательству. \r\n\r\nАвтоматизированы:\r\nначисление зарплаты работникам предприятия по окладу с возможностью указать способ отражения в учете отдельно для каждого вида начисления;\r\nведение взаиморасчетов с работниками вплоть до выплаты зарплаты и перечисления зарплаты на карточные счета работников;\r\nдепонирование;\r\nисчисление регламентированных законодательством налогов и взносов, облагаемой базой которых служит заработная плата работников организаций;\r\nформирование необходимой регламентированной отчетности.\r\nУчет исполнения сметы расхода\r\nВ \"1С:Бухгалтерии 8 для бюджетных организаций Кыргызстана\" ведется учет исполнения сметы расходов: утверждение сметы, открытие финансирования, поступление денежных средств, кассовый расход денежных средств, а также фактическое начисление по статьям классификации доходов и экономической классификации расходов (далее \"по статьям\"). Автоматизированы операции: формирование сметы расходов на год, формирование бюджетного поручения, формирование заявки на использование денежных средств. Обеспечивается формирование отчета об исполнении сметы расхода. \r\n\r\nЗавершающие операции месяца\r\nАвтоматизированы регламентные операции, выполняемые по окончании месяца, в том числе определение финансовых результатов и установка запрета редактирования данных. Защита изменения данных является двухуровневой: по автору созданного документа и общий запрет для всех документов месяца. \r\n\r\nСтандартные бухгалтерские отчеты\r\n\"1С:Бухгалтерия 8 для бюджетных организаций Кыргызстана\" предоставляет пользователю набор стандартных отчетов, которые позволяют анализировать данные по остаткам, оборотам счетов и по проводкам в самых различных разрезах. В их числе оборотно-сальдовая ведомость, шахматная ведомость, оборотно-сальдовая ведомость по счету, обороты счета, карточка счета, анализ счета, анализ субконто, обороты между субконто, сводные проводки, главная книга, диаграмма. \r\n\r\nРегламентированная отчетность\r\nВ \"1С:Бухгалтерию 8 для бюджетных организаций Кыргызстана\" включены обязательные (регламентированные) отчеты, предназначенные для представления вышестоящим органам и контролирующим государственным органам, включая формы бухгалтерской отчетности и приложения к нему, отчеты для органов статистики и государственных фондов. \r\n\r\nСервисные возможности\r\n\"Монитор бухгалтера\" позволяет оперативно и в удобной форме получать данные по остаткам на расчетных счетах и в кассе, о суммах дебиторской и кредиторской задолженности, о сроках сдачи отчетности, а также о сроках уплаты налогов. \r\n\"Экспресс-проверка ведения учета\" обеспечивает анализ данных на соответствие заложенной в программе методологии учета и законодательству, помогает выявить ошибки в ведении учета, подсказывает возможные причины возникновения ошибок и дает рекомендации по их исправлению.',30000.00,NULL,5,1),(16,'1С:Предприятие 8. Розница для Кыргызстана. Электронная поставка','1s-predpriiatie-8-roznitsa-dlia-kyrgyzstana-elektronnaia-postavka','1С: Розница 8 для Кыргызстана\r\n\r\n\"1С: Розница 8 для Кыргызстана\" предназначена для автоматизации торговой деятельности магазинов и других розничных торговых точек, в том числе объединенных в торговую сеть. В «1С: Розница» главные составляющие: \r\n\r\nТоварно-складской учет;\r\nУчет денежных средств в кассе;\r\nУчет продаж.\r\nТоварно-складской учет\r\n\r\nоприходование, инвентаризация, списание и пересортица товаров; \r\nприем товаров на комиссию; \r\nперемещение товаров между магазинами, внутренними складами магазинов, магазинами и складами торгового предприятия, в том числе в двухфазном (ордерном) режиме; \r\nторговля комплектами товаров, созданными как в момент продажи товара, так и с подготовкой комплекта (операция «комплектация»); \r\nвозврат товаров от покупателей;\r\nвозврат товаров поставщикам; \r\nавтоматизация и подключение торгового оборудования. \r\nУчет денежных средств в кассе: \r\n\r\nведение кассовой книги; \r\nприем оплаты наличными от покупателя; \r\nвыплата денежных средств из кассы; \r\nперемещение денежных средств между кассами; \r\nоформление приходных и расходных кассовых ордеров непосредственно в магазинах; \r\nработа с эквайринговыми системами, учет оплаты товаров по платежным картам, оплата товаров кредитами. \r\n\r\nУчет продаж: \r\n\r\nрозничные продажи;\r\nреализация услуг и товаров со склада;\r\nиспользование скидок по контрагентам, скидок на сумму чека, скидок по количеству товара, по виду оплаты; \r\nоформление чеков продажи, формирование по окончании смены сводного отчета по кассе. \r\n\r\nПОДРОБНЕЕ: \r\n\r\nРабочее место кассира\r\nТоварно-складской учет\r\nОтчеты по торговой точке\r\nАвтоматизация и оборудование\r\n\r\nРабочее место кассира \r\n- позволяет быстро оформить реализацию или возврат товаров, проверить остатки товаров, расчитать автоматическую или ручную скидку, принять оплату, расчитать и выдать сдачу, пробить фискальный чек, напечатать товарный чек и т.д.\r\n\r\nПоступление товаров \r\n- оформление прихода товаров, регистрация закупочных цен, расчет себестоимости товаров, установка этапов оплаты и т.д.\r\n\r\nВзаиморасчеты \r\n- отчет позволяет получить подробную расшифровку по документам и суммам задолжностей как с поставщиками, так и с покупателями\r\n\r\nПечать этикеток и ценников\r\n\r\n- обработка позволяет быстро промаркировать товары (если на товаре отсутствует штрих-код) и напечатать ценники на витрину. Также программа 1С:Розница позволяет разработать макет этикеток и ценников.\r\n\r\nПоддерживается разнообразное торговое оборудование:\r\n\r\nКассовые аппараты.\r\nСканеры штрихкодов\r\nДисплеи покупателя \r\nЭлектронные весы\r\nТерминалы сбора данных\r\nУстройства для считывания магнитных карт\r\nПринтеры этикеток и ценников\r\nПредусмотрена простая и удобная настройка подключения торгового оборудования с помощью обработок обслуживания.',14750.00,NULL,1,1),(17,'1С:Предприятие 8. Управление компанией для Кыргызстана. Электронная поставка','1s-predpriiatie-8-upravlenie-kompaniei-dlia-kyrgyzstana-elektronnaia-postavka','\"1С:Предприятие 8. Управление компанией для Кыргызстана\" (УНФ) – это готовое решение  для автоматизации оперативного управления на предприятиях малого бизнеса.\r\n\r\nВ программе реализовано все самое необходимое для ведения оперативного учета, контроля, анализа и планирования на предприятии. Решение не перегружено излишним функционалом, его можно легко настроить на особенности организации управления и учета в компании – это обеспечивает возможность \"быстрого старта\" и удобство ежедневной работы.\r\n\r\nУНФ помогает повысить эффективность работы компании, предоставляя владельцам и руководителям широкий спектр инструментов для управления, а сотрудникам – новые возможности для продуктивной ежедневной работы.\r\n\r\nПротестируйте продукт онлайн\r\n\r\n\"1С Управление компанией\" предназначено для ведения сквозного управленческого учетапо нескольким организациям, входящим в компанию, либо по отдельной организации. Ввод в систему хозяйственных операций, регистрация и формирование первичных документов по разным аспектам хозяйственной деятельности предприятия (торгового, складского и производственного учета, а также документов движения денежных средств), осуществляется в программе с помощью понятных пользователю экранных форм-аналогов бумажных документов с возможностью получения необходимых печатных форм. Регистрируются как уже совершенные, так и планируемые хозяйственные операции и события. \r\nИнтерфейс программы содержит ряд средств и механизмов, обеспечивающих легкость освоения новой системы для начинающих пользователей и высокую скорость работы для опытных пользователей. \"1C:Управление компанией\" предназначено для автоматизации учетных и управленческих функций, таких как: \r\n\r\n• имущество, капитал, \r\n• выполнение работ, оказание услуг, \r\n• производство продукции, \r\n• учет затрат и расчет себестоимости, \r\n• оптовые и розничные продажи, \r\n• снабжение и закупки, \r\n• запасы и склад, \r\n• денежные средства, \r\n• финансы, \r\n• кадры и расчеты с персоналом. \r\n\r\nШирокий спектр отчетов обеспечивает владельцам, руководителям и сотрудникам возможность быстро получать информацию – в удобной для работы и принятия решений форме, с требуемой оперативностью и детализацией. \r\nПрограмма не предназначена для ведения бухгалтерского и налогового учета – для этих целей можно использовать \"1С:Бухгалтерию \". Рекомендуемое число рабочих мест – от одного до десяти.',25000.00,NULL,1,1),(18,'1С:Документооборот 8 ПРОФ','1s-dokumentooborot-8-prof','\"1С:Документооборот 8 ПРОФ\" позволяет: \r\n\r\nупорядочить работу сотрудников с документами, исключить возможность утери версий или пересечения фрагментов при одновременной работе;\r\nсократить время поиска нужной информации и суммарное время коллективной обработки документов;\r\nповысить качество готового материала (проектов, документации и пр.) за счет решения большого количества спорных вопросов и упорядочивания работы пользователей.\r\n\"1С:Документооборот 8 ПРОФ\" не имеет отраслевой специфики и может эффективно использоваться как в бюджетном секторе, так и на коммерческих предприятиях, будь то распределенная холдинговая структура с большим количеством пользователей или небольшое предприятие. Будучи универсальной, программа легко может быть настроена и адаптирована под специфику конкретной организации.',38000.00,NULL,NULL,1),(19,'1С:Комплексная автоматизация 2','1s-kompleksnaia-avtomatizatsiia-2','Прикладное решение «1С:Комплексная автоматизация 2» позволяет построить современную систему учета с высокой степенью детализации затрат, определить показатели управления и ответственности пользователей в рамках единого информационного пространства. Реализованы следующие функции:\r\n\r\nПостановка целей – определение собственно целей и критериев, по которым можно оценить их достижение.\r\nПланирование – представление целей предприятия в прогнозах и планах:\r\nуточнение показателей, условий, требований и ограничений для планирования;\r\nбалансирование системы планов.\r\nОперативный учет:\r\nрешение задач управления и взаимодействия с внешним окружением;\r\nказначейство;\r\nавтоматизация продаж, закупок, складской деятельности;\r\nуправление обеспечением потребностей;\r\nучет в производстве;\r\nотражение фактов хозяйственной деятельности.\r\nМониторинг финансово-хозяйственной деятельности.\r\nАнализ – исследование отклонений фактических результатов деятельности от запланированных или типичных значений.\r\nКадровый учет и расчет зарплаты – управление персоналом и его мотивация.\r\nРегламентированный учет – формирование отчетности для внешних пользователей.\r\nИспользование инструментов прикладного решения позволяет обеспечить слаженную работу подразделений как внутри организации, так и с внешним окружением (клиенты, поставщики, конкуренты).\r\n\r\nВ прикладном решении поддерживаются следующие системы налогообложения:\r\n\r\nОбщая система налогообложения – ОСНО (не поддерживается учет предпринимателей, осуществляющих свою деятельность по индивидуальной схеме (ИП)).\r\nУпрощенная система налогообложения – УСН.\r\nЕдиный налог на вмененный доход – ЕНВД.',65400.00,NULL,1,1),(20,'1С:Предприятие Розница 8. Аптека','1s-predpriiatie-roznitsa-8-apteka','«1С:Розница 8. Аптека» автоматизирует учет всех операций, производящихся в аптеке:\r\n\r\nЗаказ товаров поставщику\r\nПоступление товаров от контрагента на склад аптеки\r\nПеремещение товаров между складами аптеки\r\nПеремещение товаров между аптеками\r\nПередача товаров между организациями\r\nВозврат товаров поставщику\r\nВозврат товаров от покупателей\r\nСборка товаров (формирование комплектов товаров для продажи)\r\nПересчет товаров (инвентаризация)\r\nОприходование\r\nСписание\r\nРеализация товаров и услуг\r\nЗаказ товаров от покупателя\r\nДоставка товаров\r\nПоступление денежных средств от покупателей\r\nПеремещение денежных средств между кассами магазина\r\nОформление чеков продажи и сводного отчета по контрольно-кассовой машине\r\nРабота с эквайринговыми системами и с банковскими кредитами\r\nВ соответствии с требованиями законодательства реализован обмен данными с ФГИС «Мониторинг движения лекарственных препаратов».\r\n\r\nОсновные пользователи программы «1С:Розница 8. Аптека» — первостольник, заведующий аптекой, менеджер по работе аптек, маркетолог, руководитель предприятия.',28000.00,NULL,1,1),(21,'1С:Предприятие 8. Управление нашей строительной фирмой Электронная поставка','1s-predpriiatie-8-upravlenie-nashei-stroitelnoi-firmoi-elektronnaia-postavka','Возможности\r\nРешение \"1С:Управление нашей строительной фирмой\" предназначено для автоматизации компаний малого бизнеса и физических лиц, осуществляющих любые виды строительной деятельности, в том числе капитальный и текущий ремонты, реконструкцию и реставрацию.\r\n\r\nКонфигурация \"Управление нашей строительной фирмой\" состоит из типовой конфигурации \"Управление нашей фирмой\" с встроенной в нее подсистемой \"Управление строительным производством\" и позволяет автоматизировать следующие бизнес – процессы:\r\n\r\nПланирование строительных работ:\r\n\r\nзагрузка сметы в формате АРПС 1.10;\r\nформирование календарных планов-графиков на основании сметы;\r\nзагрузка календарного плана-графика из Microsoft© Project;\r\nпостроение диаграммы Ганта;\r\nформирование \"Разделительной ведомости\";\r\nзаключение договоров с заказчиком и подрядчиками;\r\nподготовка бюджетов доходов и расходов и движения денежных средств по объектам строительства на основе утвержденного календарного плана графика, стоимости материалов и ресурсов, по данным договора с заказчиком и договоров с подрядчиками;\r\nформирование плана потребностей в материалах;\r\nназначение на производство работ сотрудников организации.\r\nВыполнение строительных работ:\r\n\r\nзакупка материалов, оплата поставщикам, приемка материалов на склад от поставщиков;\r\nотражение выполнения работ и формирование журнала выполненных работ (форма КС-6а);\r\nсписание материалов в производство;\r\nучет трудозатрат, начисление заработной платы работникам;\r\nприемка выполненных работ от подрядчиков;\r\nсдача выполненных работ заказчику и формирование акта о приемке работ (форма КС-2 и КС-3).\r\nПлан-фактный анализ:\r\n\r\nвыполнения работ;\r\nобеспечения и использования материалов;\r\nиспользования ресурсов;\r\nвыручки и затрат по объектам строительства;\r\nрасходования денежных средств;\r\nисполнения бюджета строительства;\r\nфинансового результата. \r\nПодсистема \"Управление строительным производством\" \r\nПодсистема включает в себя:\r\n\r\nПланирование строительных работ в разрезе объектов строительства, формирование календарного плана-графика работ;\r\nПланирование потребности в строительных материалах на объектах строительства в разрезе работ и периодов. Формирование комплектовочной ведомости сводно и по датам;\r\nУчет выполненных СМР и используемых ресурсов;\r\nАктирование и отражение выполненных СМР в учете;\r\nБлок аналитической отчетности.',65000.00,NULL,1,1),(22,'1С:Предприятие 8. 1С-Рарус: Ломбард 4 Электронная поставка','1s-predpriiatie-8-1s-rarus-lombard-4-elektronnaia-postavka','Программа предназначена для автоматизации деятельности ломбардов, авто-ломбардов (автомобильных ломбардов) и ювелирных ломбардов. \r\n\r\nВ программе 1С-Рарус: Ломбард 4 реализован учет всех операций, проводимых ломбардом с ведением бухгалтерского, налогового и управленческого учета: \r\n\r\nРабота в филиальной сети\r\nВыгрузка в Центробанк и в Росфинмониторинг\r\nЕсть версия с ЕПС\r\nПроверка паспортов по базам МВД\r\nБыстрое обслуживание клиентов\r\nУчет всех операций по залогу (залог, перезалог, выкуп и др.)\r\nУведомления клиентов по СМС\r\nАвтоматическое начисление процентов\r\nГибкие схемы кредитования\r\nМобильные приложения для клиентов и руководителей\r\nОтчеты для руководителя\r\nРеализация, торги, продажа имущества\r\nСкупка имущества\r\nБухгалтерский и налоговый учет\r\nБезопасность и управление доступом для сотрудников\r\nПрограмма уже интегрирована с 1С\r\nОсновные возможности программ 1С-Рарус: Ломбард 4:\r\nЛегкий старт работы с программой:\r\nРазличные встроенные помощники по быстрому вводу первоначальной информации\r\nЛегкий переход с типовой 1С: Бухгалтерии 8 без потери данных\r\nБыстрое освоение программы благодаря интуитивно понятному интерфейсу\r\nВозможность оставлять в видимости только те разделы, которые необходимы пользователю\r\nВозможность переноса данных из других программ:\r\nОткрытость платформы позволяет разработать механизм переноса самостоятельно;\r\nМожно заказать индивидуальный перенос из любого программного обеспечения.\r\nВозможность работы в рамках филиальной сети Ломбарда:\r\nБыстрое и надежное объединение сети филиалов\r\nВозможность подключения всех филиалов к единой базе через интернет:\r\nчерез браузер;\r\nчерез тонкий клиент;\r\nчерез терминальное подключение.\r\nНастройка обмена между филиалами через распределенную информационную базу (РИБ 1С):\r\nвозможен автоматический обмен данными через интернет по расписанию, а также при отсутствии (или нестабильности) интернета в филиале ломбарда;\r\nвозможность настройки обмена данными между филиалами – например, заложив имущество в одном филиале ломбарда, клиент сможет продлить залог в другом;\r\nвозможность настроить обмен так, чтобы каждый филиал видел только свою информацию, а в центральной базе собиралась вся информация;\r\nвозможность настроить ограничения по выгрузке данных из центральной базы в филиалы;\r\nи другие гибкие варианты обмена информацией между филиалами ломбарда.\r\nВозможность использования различных префиксов в нумерации документов для каждого из филиалов Ломбардной сети\r\nВозможность учета движения денежных средств в кассе и получения отчетов в разрезе филиалов\r\nПередача оплаты залогодателя между филиалами.\r\nПечать залоговых билетов и бланков строгой отчетности (БСО):\r\nВ программу встроена форма залогового билета соответствующая требованиям министерства финансов РФ и налоговой и других нормативных актов РФ\r\nИзменения требований законодательства к печатным формам регулярно отслеживаются и оперативно вносятся в программу в виде обновлений\r\nАвтоматическая генерация сложных номеров билетов (с префиксами, серией, номером по шаблону) для регистрации в программе\r\nОперации по движению БСО:\r\nприход;\r\nрасход;\r\nсписание;\r\nформирование отчетов по движению БСО.\r\nПечать возможна как на готовых типографских бланках, так и на чистых листах\r\nНастройка и редактирование печатной формы залогового билета под необходимый вид в пользовательском режиме\r\nПечать кассовой книги\r\nПечать договора потребительского займа (договор купли-продажи) по Постановлению ЦБ РФ №3240-У\r\nВ программу можно добавить дополнительные формы договоров\r\nРабота с залогами/займами/кредитами в ломбарде:\r\nУдобное рабочее место специалиста ломбарда (товароведа)\r\nбыстрое оформление залогов:\r\nбыстрый поиск клиентов в базе;\r\nбыстрый выбор условий кредитования (тарифов, схем);\r\nмгновенный предварительный расчет процентов на любую дату;\r\nавтоматический расчет суммы оценки для залоговых вещей;\r\nвозможность фотографировать вещи при оформлении залога (с помощью веб-камеры).\r\nгибкое цветовое оформление для простоты визуального восприятия;\r\nудобная работа со списком залоговых билетов:\r\nбыстрый поиск и отбор залоговых билетов по различным параметрам:\r\nпо номерам;\r\nпо видам операций;\r\nпо статусам залогов (закрытые и незакрытые и т.д.);\r\nпо клиентам (по ФИО);\r\nпо условиям кредитования;\r\nпо суммам (займа, оценки);\r\nпо филиалам, юридическим лицам.\r\nбыстрый доступ к истории взаимоотношений с клиентом ломбарда:\r\nинформация о клиенте с рабочего места товароведа;\r\nпаспортные данные клиента ломбарда;\r\nколичество ранее совершенных сделок;\r\nвозможность быстро проанализировать клиента для принятия решения о заключении текущей сделки.',16500.00,NULL,1,1),(23,'1С:Предприятие 8. Управление Автотранспортом. ПРОФ','1s-predpriiatie-8-upravlenie-avtotransportom-prof','Возможности\r\nОтраслевое решение на базе современной технологической платформы \"1С:Предприятие 8.3\" предназначено для автоматизации управленческого и оперативного учета работы автопарка в:\r\n\r\nавтотранспортных предприятиях,\r\n\r\nтранспортных подразделениях торговых и производственных компаний,\r\n\r\nпрочих компаниях, эксплуатирующих автотранспорт для собственных нужд.\r\n\r\n\r\n\r\nПрограммный продукт \"1С:Управление автотранспортом Проф\" предоставляет следующие возможности:\r\n\r\nУправление заказами\r\n\r\nКонтроль выполнения рейсов\r\n\r\nРабота с привлеченными перевозчиками\r\n\r\nВзаиморасчеты с контрагентами\r\n\r\nУчет доходов и расходов\r\n\r\nБюджетирование\r\n\r\nУправление автопарком\r\n\r\nУчет путевых листов\r\n\r\nУчет ГСМ и технических жидкостей\r\n\r\nУчет ремонтов и агрегатов\r\n\r\nУчет ДТП и штрафов\r\n\r\nСкладской учет запчастей и расходных материалов\r\n\r\nУчет работы водителей\r\n\r\nУчет пассажирских перевозок',65000.00,NULL,1,1);
/*!40000 ALTER TABLE `services_service` ENABLE KEYS */;
UNLOCK TABLES;

--
-- Table structure for table `services_servicecategory`
--

DROP TABLE IF EXISTS `services_servicecategory`;
/*!40101 SET @saved_cs_client     = @@character_set_client */;
/*!50503 SET character_set_client = utf8mb4 */;
CREATE TABLE `services_servicecategory` (
  `id` bigint NOT NULL AUTO_INCREMENT,
  `name` varchar(100) NOT NULL,
  `slug` varchar(50) NOT NULL,
  `icon` varchar(30) NOT NULL,
  `description` longtext NOT NULL,
  `main_service_id` bigint NOT NULL,
  PRIMARY KEY (`id`),
  UNIQUE KEY `slug` (`slug`),
  KEY `Services_servicecate_main_service_id_fc1e5088_fk_Services_` (`main_service_id`),
  CONSTRAINT `Services_servicecate_main_service_id_fc1e5088_fk_Services_` FOREIGN KEY (`main_service_id`) REFERENCES `services_mainservice` (`id`)
) ENGINE=InnoDB AUTO_INCREMENT=6 DEFAULT CHARSET=utf8mb4 COLLATE=utf8mb4_0900_ai_ci;
/*!40101 SET character_set_client = @saved_cs_client */;

--
-- Dumping data for table `services_servicecategory`
--

LOCK TABLES `services_servicecategory` WRITE;
/*!40000 ALTER TABLE `services_servicecategory` DISABLE KEYS */;
INSERT INTO `services_servicecategory` VALUES (1,'1С:Предприятие','1c-predpriyatie','','',1),(2,'1С:Информационно-технологическое сопровождение','1c-informacionno-tehnicheskoe-soprovozhdenie','','',1),(5,'1С:Бухгалтерия','1s-bukhgalteriia','','',1);
/*!40000 ALTER TABLE `services_servicecategory` ENABLE KEYS */;
UNLOCK TABLES;

--
-- Table structure for table `services_servicelist`
--

DROP TABLE IF EXISTS `services_servicelist`;
/*!40101 SET @saved_cs_client     = @@character_set_client */;
/*!50503 SET character_set_client = utf8mb4 */;
CREATE TABLE `services_servicelist` (
  `id` bigint NOT NULL AUTO_INCREMENT,
  `title` varchar(255) NOT NULL,
  `created_at` datetime(6) NOT NULL,
  PRIMARY KEY (`id`)
) ENGINE=InnoDB AUTO_INCREMENT=2 DEFAULT CHARSET=utf8mb4 COLLATE=utf8mb4_0900_ai_ci;
/*!40101 SET character_set_client = @saved_cs_client */;

--
-- Dumping data for table `services_servicelist`
--

LOCK TABLES `services_servicelist` WRITE;
/*!40000 ALTER TABLE `services_servicelist` DISABLE KEYS */;
INSERT INTO `services_servicelist` VALUES (1,'Services for Home Page','2024-12-06 13:27:32.923505');
/*!40000 ALTER TABLE `services_servicelist` ENABLE KEYS */;
UNLOCK TABLES;

--
-- Table structure for table `services_servicelist_services`
--

DROP TABLE IF EXISTS `services_servicelist_services`;
/*!40101 SET @saved_cs_client     = @@character_set_client */;
/*!50503 SET character_set_client = utf8mb4 */;
CREATE TABLE `services_servicelist_services` (
  `id` bigint NOT NULL AUTO_INCREMENT,
  `servicelist_id` bigint NOT NULL,
  `service_id` bigint NOT NULL,
  PRIMARY KEY (`id`),
  UNIQUE KEY `Services_servicelist_ser_servicelist_id_service_i_1934c119_uniq` (`servicelist_id`,`service_id`),
  KEY `Services_servicelist_service_id_abdcc9c2_fk_Services_` (`service_id`),
  CONSTRAINT `Services_servicelist_service_id_abdcc9c2_fk_Services_` FOREIGN KEY (`service_id`) REFERENCES `services_service` (`id`),
  CONSTRAINT `Services_servicelist_servicelist_id_8e40f3fc_fk_Services_` FOREIGN KEY (`servicelist_id`) REFERENCES `services_servicelist` (`id`)
) ENGINE=InnoDB AUTO_INCREMENT=6 DEFAULT CHARSET=utf8mb4 COLLATE=utf8mb4_0900_ai_ci;
/*!40101 SET character_set_client = @saved_cs_client */;

--
-- Dumping data for table `services_servicelist_services`
--

LOCK TABLES `services_servicelist_services` WRITE;
/*!40000 ALTER TABLE `services_servicelist_services` DISABLE KEYS */;
INSERT INTO `services_servicelist_services` VALUES (1,1,1),(2,1,2),(3,1,3),(4,1,4),(5,1,5);
/*!40000 ALTER TABLE `services_servicelist_services` ENABLE KEYS */;
UNLOCK TABLES;
/*!40103 SET TIME_ZONE=@OLD_TIME_ZONE */;

/*!40101 SET SQL_MODE=@OLD_SQL_MODE */;
/*!40014 SET FOREIGN_KEY_CHECKS=@OLD_FOREIGN_KEY_CHECKS */;
/*!40014 SET UNIQUE_CHECKS=@OLD_UNIQUE_CHECKS */;
/*!40101 SET CHARACTER_SET_CLIENT=@OLD_CHARACTER_SET_CLIENT */;
/*!40101 SET CHARACTER_SET_RESULTS=@OLD_CHARACTER_SET_RESULTS */;
/*!40101 SET COLLATION_CONNECTION=@OLD_COLLATION_CONNECTION */;
/*!40111 SET SQL_NOTES=@OLD_SQL_NOTES */;

-- Dump completed on 2025-01-07 22:35:31
